customer_id,customer_first_name,customer_last_name,customer_email,phone_number,date_of_birth,billing_address_street_number,billing_address_street_name,billing_address_street_suffix,billing_address_city,billing_address_state,billing_address_country,billing_address_postcode,current_shipping_address_street_number,current_shipping_address_street_name,current_shipping_address_street_suffix,current_shipping_address_street_city,current_shipping_address_street_state,current_shipping_address_street_country,current_shipping_address_street_postcode,current_payment_method
1,Pebrook,Colegrove,pcolegrove0@nifty.com,757-452-2743,07/08/1962,3,Cardinal,Road,Norfolk,Virginia,United States,23514,33,Burrows,Parkway,Ar Rahad,,Sudan,,Debit Card
2,Mike,Blader,mblader1@weibo.com,760-459-4872,24/02/1999,01,Fieldstone,Plaza,Carlsbad,California,United States,92013,789,Fair Oaks,Center,Cankova,,Slovenia,9261,Google Pay
3,Celestine,Belamy,cbelamy2@com.com,858-325-7379,16/04/1980,33796,Walton,Avenue,San Diego,California,United States,92110,0157,Novick,Junction,Pangai,,Tonga,,Credit Card
4,Cletus,Samweyes,csamweyes3@weebly.com,215-293-4254,09/02/1976,56,Jana,Circle,Philadelphia,Pennsylvania,United States,19120,67556,Northridge,Court,Non Suwan,,Thailand,31110,Cheque
5,Rene,Cassell,rcassell4@smugmug.com,402-184-6351,23/03/1990,026,Dovetail,Lane,Omaha,Nebraska,United States,68117,18871,Mariners Cove,Park,Agat Village,,Guam,96922,Google Pay
6,Tarrance,Peye,tpeye5@php.net,321-391-4043,23/03/1979,275,Main,Alley,Melbourne,Florida,United States,32941,213,Paget,Park,Leksand,Dalarna,Sweden,793 50,Cheque
7,Micheal,Osler,mosler6@homestead.com,314-689-6933,07/03/1974,7,Independence,Park,Migrate,Kentucky,United States,41905,72189,Clyde Gallagher,Court,Pargas,,Finland,90020,Cheque
8,Burg,Sambidge,bsambidge7@eepurl.com,803-721-7153,18/11/1961,6377,Canary,Lane,Columbia,South Carolina,United States,29215,6592,Sommers,Junction,Igreja,Ilha da Madeira,Portugal,9200-078,Google Pay
9,Rochette,Cregin,rcregin8@pbs.org,706-685-0960,30/06/2022,197,Fulton,Point,Columbus,Georgia,United States,31914,6570,Garrison,Lane,Paiisa,,Philippines,4323,Google Pay
10,Chelsy,Romanski,cromanski9@bloglovin.com,719-180-6265,18/08/2015,7,Nevada,Trail,Colorado Springs,Colorado,United States,80945,7,Lillian,Point,Sangat,,Philippines,4100,Credit Card
11,Gerry,Ceaplen,gceaplena@spiegel.de,804-771-9697,31/05/1995,842,Browning,Alley,Richmond,Virginia,United States,23289,011,Dunning,Street,Qincheng,,China,,Credit Card
12,Ileana,Comino,icominob@auda.org.au,484-773-5195,19/06/1996,908,Susan,Avenue,Bethlehem,Pennsylvania,United States,18018,53,Miller,Circle,Alenquer,Lisboa,Portugal,2580-306,Credit Card
13,Kissie,McFall,kmcfallc@nih.gov,330-789-6848,02/12/2001,0687,Wayridge,Drive,Youngstown,Ohio,United States,44505,4435,Hallows,Street,Lille,Nord-Pas-de-Calais,France,59715 CEDEX 9,Bank Transfer
14,Bartlet,Ledson,bledsond@nytimes.com,816-620-7985,05/02/2009,5,Talmadge,Plaza,Shawnee Mission,Kansas,United States,66205,352,Declaration,Court,Ko Chan,,Thailand,20240,Credit Card
15,Carrol,Lovick,clovicke@prweb.com,505-713-7973,14/04/1973,506,Atwood,Street,Santa Fe,New Mexico,United States,87505,4578,John Wall,Parkway,Lorraine,Québec,Canada,J7B,Credit Card
16,Demetrius,Estable,destablef@discovery.com,989-568-1322,26/03/2013,30,Myrtle,Plaza,Saginaw,Michigan,United States,48604,0,Basil,Plaza,Worcester,,South Africa,6870,Apple Pay
17,Neile,Baynon,nbaynong@narod.ru,405-229-7263,20/08/1962,261,Randy,Lane,Oklahoma City,Oklahoma,United States,73167,344,Paget,Way,North Battleford,Saskatchewan,Canada,S9A,Cash
18,Yuri,Ibbetson,yibbetsonh@bing.com,989-181-7736,07/04/1970,17,Armistice,Trail,Saginaw,Michigan,United States,48604,030,Dryden,Terrace,Hanjiashu,,China,,Apple Pay
19,Glynnis,Heinritz,gheinritzi@friendfeed.com,904-481-0505,22/01/1995,3,Golden Leaf,Center,Jacksonville,Florida,United States,32277,3588,Hollow Ridge,Way,Yashiro,,Japan,917-0102,Debit Card
20,Nye,Casserly,ncasserlyj@webnode.com,520-888-7668,10/03/1987,2,Fieldstone,Point,Tucson,Arizona,United States,85754,0,Transport,Park,Safotu,,Samoa,,Debit Card
21,Leupold,Conelly,lconellyk@stanford.edu,240-133-3893,16/04/1997,2904,Trailsway,Pass,Hagerstown,Maryland,United States,21747,425,Muir,Way,Lefortovo,,Russia,461911,Google Pay
22,Pepe,Siegertsz,psiegertszl@mozilla.org,202-742-9028,15/01/2009,537,Comanche,Trail,Washington,District of Columbia,United States,20036,48234,Bellgrove,Junction,Saharna,,Moldova,MD-5431,Credit Card
23,Dante,Gniewosz,dgniewoszm@nps.gov,504-181-5936,21/02/2001,6321,Clyde Gallagher,Trail,New Orleans,Louisiana,United States,70179,43,Mendota,Drive,Villa Ángela,,Argentina,3540,Apple Pay
24,Aubree,McCready,amccreadyn@mozilla.org,573-730-8264,14/02/2021,00,Eliot,Terrace,Jefferson City,Missouri,United States,65110,5,High Crossing,Pass,Kibiya,,Nigeria,,Google Pay
25,Adan,Erswell,aerswello@shutterfly.com,410-712-2151,23/05/1974,3,Kenwood,Junction,Baltimore,Maryland,United States,21229,68,Darwin,Place,Vera Cruz,,Brazil,17560-000,Apple Pay
26,Ingmar,Scarlan,iscarlanp@sfgate.com,312-417-0413,26/02/1987,649,Warbler,Point,Chicago,Illinois,United States,60663,54432,Acker,Drive,Changlin,,China,,Cheque
27,Bealle,Ovett,bovettq@dedecms.com,785-207-1813,26/03/2000,7,Morning,Road,Topeka,Kansas,United States,66622,6,Erie,Alley,Barabedang,,Indonesia,,Apple Pay
28,Saraann,Yockney,syockneyr@mail.ru,305-642-6082,14/08/1963,5,Kedzie,Parkway,Hollywood,Florida,United States,33023,9487,Rowland,Pass,Béré,,Chad,,Credit Card
29,Raoul,Sherebrooke,rsherebrookes@digg.com,330-353-9376,19/05/1985,83,Spohn,Drive,Canton,Ohio,United States,44710,19,Westerfield,Circle,Neundeut,,Indonesia,,Apple Pay
30,Wake,Tixier,wtixiert@about.me,312-946-9709,08/12/2013,67539,Sachtjen,Avenue,Chicago,Illinois,United States,60619,099,Bobwhite,Park,Chahe,,China,,Debit Card
31,Aubine,Round,aroundu@ustream.tv,915-974-6560,08/03/1982,4,Maywood,Center,El Paso,Texas,United States,79940,1,Helena,Road,Apeldoorn,Provincie Gelderland,Netherlands,7329,Google Pay
32,Ferdie,Cresser,fcresserv@jugem.jp,602-923-7761,09/08/1968,91,Stoughton,Parkway,Phoenix,Arizona,United States,85099,82,Forest Dale,Point,Bieniewice,,Poland,05-870,Apple Pay
33,Nikola,Valencia,nvalenciaw@seesaa.net,812-564-7528,30/09/1980,63380,Lerdahl,Pass,Evansville,Indiana,United States,47737,5387,Center,Lane,Jiquilillo,,Nicaragua,,Credit Card
34,Dare,Noakes,dnoakesx@arizona.edu,912-464-8170,10/07/2010,3,Hoffman,Avenue,Savannah,Georgia,United States,31416,4,Blue Bill Park,Crossing,Federal,,Argentina,3180,Cash
35,Kaia,Oulner,koulnery@reference.com,215-986-9688,09/02/1991,6,Mccormick,Avenue,Philadelphia,Pennsylvania,United States,19172,25,Dovetail,Lane,Espinheira,Aveiro,Portugal,4525-274,Apple Pay
36,Elbertina,Brewood,ebrewoodz@ycombinator.com,808-288-2925,26/03/2019,50,Lukken,Way,Honolulu,Hawaii,United States,96835,86,Sugar,Center,Catalão,,Brazil,75700-000,Google Pay
37,Kissie,Blaydon,kblaydon10@icq.com,757-522-5713,18/03/2000,32151,Service,Street,Norfolk,Virginia,United States,23504,73,Florence,Way,Motegi,,Japan,865-0131,Debit Card
38,Claiborn,Tummond,ctummond11@cafepress.com,716-282-3825,08/04/1961,9891,Mitchell,Plaza,Buffalo,New York,United States,14276,34576,Fairview,Center,Magnitogorsk,,Russia,455051,Google Pay
39,Allister,Germon,agermon12@zdnet.com,404-702-3068,07/11/1971,0240,Nevada,Plaza,Atlanta,Georgia,United States,31165,35,John Wall,Terrace,Viana do Castelo,Viana do Castelo,Portugal,4900-005,Cash
40,Damian,Bretherton,dbretherton13@noaa.gov,907-882-9748,11/10/1971,6364,Spaight,Road,Anchorage,Alaska,United States,99507,1068,Roxbury,Place,Songhae,,South Korea,,Cash
41,Danyette,Flewan,dflewan14@indiegogo.com,843-363-8065,04/08/2006,89,Glendale,Way,Charleston,South Carolina,United States,29424,0,Roxbury,Road,Gande,,China,,Bank Transfer
42,Sophey,Miettinen,smiettinen15@paypal.com,916-766-5485,16/03/1978,94,Northview,Circle,Sacramento,California,United States,94291,2539,Ohio,Crossing,Wudabao,,China,,Apple Pay
43,Rikki,Wyldbore,rwyldbore16@tripod.com,757-404-2467,31/03/1976,77,Monterey,Drive,Hampton,Virginia,United States,23663,052,Jay,Center,Krajan Rowokangkung,,Indonesia,,Cheque
44,Kimble,Rowan,krowan17@wufoo.com,937-142-7378,13/08/2021,78,Brickson Park,Way,Dayton,Ohio,United States,45426,27438,Bonner,Drive,Dolores,,Philippines,6817,Google Pay
45,Beatrix,Larraway,blarraway18@gmpg.org,414-999-7224,09/08/2007,789,Bay,Point,Milwaukee,Wisconsin,United States,53234,2,Crescent Oaks,Terrace,Magnitka,,Russia,456950,Google Pay
46,Alikee,Rosenfrucht,arosenfrucht19@de.vu,512-731-2018,17/01/2009,4063,Artisan,Hill,Austin,Texas,United States,78703,261,North,Trail,Roberval,Québec,Canada,G8H,Credit Card
47,Harlin,Crosgrove,hcrosgrove1a@merriam-webster.com,313-957-5167,21/04/1976,9204,Anderson,Trail,Detroit,Michigan,United States,48258,85127,Anzinger,Point,Jaguaribe,,Brazil,63475-000,Apple Pay
48,Maynord,Dominichelli,mdominichelli1b@netvibes.com,434-821-2960,01/04/2015,1,Truax,Trail,Charlottesville,Virginia,United States,22908,281,Alpine,Road,Mâcon,Bourgogne,France,71024 CEDEX 9,Cash
49,Aurilia,Clewes,aclewes1c@merriam-webster.com,804-309-5095,28/06/1999,2,Graceland,Alley,Richmond,Virginia,United States,23237,9693,Lerdahl,Park,Rantaupanjang,,Indonesia,,Cash
50,Berny,Cleare,bcleare1d@mysql.com,610-517-5964,23/09/1966,151,Pankratz,Court,Philadelphia,Pennsylvania,United States,19104,34324,Union,Junction,Solna,Stockholm,Sweden,171 49,Credit Card
51,Arabele,Duckering,aduckering1e@google.ru,701-600-1630,19/06/2011,531,Hoffman,Circle,Fargo,North Dakota,United States,58122,8,Cardinal,Circle,Bobowo,,Poland,83-212,Cash
52,Kelsy,Henric,khenric1f@networkadvertising.org,562-101-0266,28/11/1987,2446,Grasskamp,Junction,Whittier,California,United States,90605,0,Portage,Point,Mozhong,,China,,Debit Card
53,Dex,Croot,dcroot1g@hud.gov,858-642-1841,06/10/1998,80,Fair Oaks,Terrace,San Diego,California,United States,92127,6,South,Terrace,Bacheng,,China,,Debit Card
54,Jerrold,Ascroft,jascroft1h@va.gov,360-701-0705,28/08/1998,42,Bartelt,Hill,Olympia,Washington,United States,98506,50060,Morrow,Point,Yoshikawa,,Japan,990-0711,Debit Card
55,Christan,Lambert-Ciorwyn,clambertciorwyn1i@discovery.com,502-715-0959,17/04/1990,85,Park Meadow,Park,Louisville,Kentucky,United States,40298,8959,Stoughton,Plaza,Santa Rosa,,Peru,,Credit Card
56,Celestia,Whisson,cwhisson1j@narod.ru,202-680-8019,09/06/1975,3,Fallview,Point,Washington,District of Columbia,United States,20530,1,Ruskin,Park,Coté-Lai,,Argentina,3513,Credit Card
57,Giles,Allabarton,gallabarton1k@nasa.gov,573-356-5888,21/08/2006,79341,Valley Edge,Avenue,Columbia,Missouri,United States,65211,86539,Muir,Street,Erfurt,Thüringen,Germany,99089,Debit Card
58,Marcile,Coxall,mcoxall1l@reference.com,617-901-9387,15/10/1962,761,Kinsman,Terrace,Boston,Massachusetts,United States,02216,69,1st,Street,Chust Shahri,,Uzbekistan,,Cash
59,Kearney,Hallard,khallard1m@apple.com,423-611-4305,12/08/1966,2,Green,Circle,Chattanooga,Tennessee,United States,37410,05348,Arizona,Terrace,Zhongshan,,China,,Cheque
60,Delbert,Aggett,daggett1n@dot.gov,404-258-5758,25/12/1999,37,Everett,Plaza,Atlanta,Georgia,United States,30343,4,Dixon,Way,Xueshan,,China,,Cash
61,Mildrid,Bridson,mbridson1o@fema.gov,972-630-6623,06/06/2012,4090,American Ash,Road,Dallas,Texas,United States,75342,9,Graceland,Trail,Ресен,,Macedonia,7320,Debit Card
62,Paddie,McPhaden,pmcphaden1p@ow.ly,757-937-4892,05/01/1991,085,Charing Cross,Place,Virginia Beach,Virginia,United States,23454,4,Holy Cross,Alley,Caparrapí,,Colombia,253468,Google Pay
63,Cele,Lambrecht,clambrecht1q@tripod.com,414-796-2526,26/12/1974,8368,Sugar,Terrace,Milwaukee,Wisconsin,United States,53263,6,Pine View,Court,Saubara,,Brazil,44220-000,Credit Card
64,Brenna,Loyndon,bloyndon1r@samsung.com,937-119-5809,13/12/2001,0,Lotheville,Hill,Dayton,Ohio,United States,45440,36850,Heath,Plaza,Mar’ina Roshcha,,Russia,901993,Credit Card
65,Inness,Leeburn,ileeburn1s@wikispaces.com,915-900-6271,06/06/2015,87431,Mendota,Lane,El Paso,Texas,United States,88519,44896,Novick,Crossing,Pancan,,Peru,,Apple Pay
66,Miranda,Rochewell,mrochewell1t@blogs.com,617-907-9582,29/12/2022,2217,Stang,Circle,Boston,Massachusetts,United States,02203,96935,Schiller,Park,Yangji,,China,,Debit Card
67,Monty,Rickardes,mrickardes1u@ucoz.com,505-373-4125,12/10/2018,685,Barby,Terrace,Santa Fe,New Mexico,United States,87505,7,Dryden,Alley,Loutrá,,Greece,,Credit Card
68,Broddy,Pidgen,bpidgen1v@yolasite.com,915-645-8841,10/04/1982,09,Raven,Court,El Paso,Texas,United States,79945,392,Sauthoff,Alley,Shuangxiqiao,,China,,Apple Pay
69,Sabrina,Ketteridge,sketteridge1w@oakley.com,619-400-3508,28/04/1987,250,Lerdahl,Hill,San Diego,California,United States,92170,03519,Park Meadow,Alley,Touzao,,China,,Bank Transfer
70,Rafaelita,Shankster,rshankster1x@wisc.edu,212-267-0622,10/08/1976,931,Crownhardt,Parkway,New York City,New York,United States,10160,2946,Portage,Crossing,Shazhenxi,,China,,Debit Card
71,Pyotr,Blabey,pblabey1y@youku.com,217-410-8728,19/11/2002,2057,Texas,Circle,Springfield,Illinois,United States,62711,25,Tomscot,Court,Wajak,,Indonesia,,Bank Transfer
72,Jessey,Murden,jmurden1z@cocolog-nifty.com,203-256-2515,17/12/1990,384,Stuart,Point,Waterbury,Connecticut,United States,06705,8,Tomscot,Lane,Hujiaying,,China,,Credit Card
73,Rip,Sheekey,rsheekey20@accuweather.com,916-353-5855,19/05/1994,1,Hovde,Hill,Sacramento,California,United States,94250,8,Magdeline,Crossing,Ziketan,,China,,Debit Card
74,Micheline,Spender,mspender21@smugmug.com,916-481-0550,25/01/1980,11269,Eagan,Center,Sacramento,California,United States,95894,471,Briar Crest,Alley,Poiares,Bragança,Portugal,5180-344,Apple Pay
75,Maje,Cornels,mcornels22@nasa.gov,339-226-1041,29/01/1963,712,Shopko,Plaza,Springfield,Massachusetts,United States,01114,7,Reindahl,Avenue,Lluchubamba,,Peru,,Cash
76,Jacqui,Raw,jraw23@goo.gl,801-509-5093,27/03/1985,5718,Lukken,Parkway,Salt Lake City,Utah,United States,84115,425,Debs,Crossing,Gelsenkirchen,Nordrhein-Westfalen,Germany,45886,Credit Card
77,Vickie,Lambrecht,vlambrecht24@gnu.org,214-673-4825,26/07/1990,5,Carey,Trail,Dallas,Texas,United States,75387,9237,Rusk,Hill,Rtishchevo,,Russia,442185,Debit Card
78,Johnette,Sollars,jsollars25@furl.net,314-353-6401,06/10/2014,4504,New Castle,Center,Saint Louis,Missouri,United States,63180,789,Kropf,Road,Rájec-Jestřebí,,Czech Republic,666 01,Debit Card
79,Mohammed,Neasham,mneasham26@reuters.com,316-638-4415,25/12/1961,827,Bowman,Drive,Wichita,Kansas,United States,67260,6,Prentice,Terrace,Xinglong,,China,,Credit Card
80,Nerissa,Zannutti,nzannutti27@berkeley.edu,713-935-0591,09/07/1988,156,Sachtjen,Pass,Houston,Texas,United States,77234,705,Mccormick,Parkway,Dongcun,,China,,Cheque
81,Catrina,Cisec,ccisec28@joomla.org,318-681-6842,13/05/2004,052,Heath,Trail,Shreveport,Louisiana,United States,71105,57451,Hazelcrest,Trail,Coutada,Viana do Castelo,Portugal,4910-035,Cheque
82,Karylin,Meric,kmeric29@tinyurl.com,313-925-7942,13/12/1997,10621,Warner,Crossing,Detroit,Michigan,United States,48258,64581,Old Gate,Center,Van Nuys,California,United States,91499,Bank Transfer
83,Gabriela,Howlett,ghowlett2a@chronoengine.com,978-511-6529,31/03/2000,28,Helena,Plaza,Boston,Massachusetts,United States,02283,7556,Ruskin,Junction,Okigwi,,Nigeria,,Bank Transfer
84,Adelheid,Woofenden,awoofenden2b@fema.gov,815-370-2965,18/07/2000,461,Kim,Point,Joliet,Illinois,United States,60435,80713,Lakewood Gardens,Drive,Rajadesa,,Indonesia,,Credit Card
85,Benji,Jacobi,bjacobi2c@chronoengine.com,915-790-2194,13/01/1967,1940,Scofield,Lane,El Paso,Texas,United States,79999,897,Vernon,Terrace,Yuefeng,,China,,Cheque
86,Edouard,Kimmerling,ekimmerling2d@prnewswire.com,757-877-1354,05/06/2006,7190,Chinook,Way,Norfolk,Virginia,United States,23514,51873,Eagan,Point,Budenovetc,,Russia,307374,Google Pay
87,Sutherland,Parrin,sparrin2e@google.com,208-422-7110,28/12/1973,42330,Karstens,Trail,Boise,Idaho,United States,83722,18404,Raven,Pass,Siak Sri Indrapura,,Indonesia,,Apple Pay
88,Kerrin,De L'Isle,kdelisle2f@sohu.com,484-174-0898,04/04/1984,6,Roxbury,Court,Reading,Pennsylvania,United States,19610,06794,Havey,Plaza,Kabare,,Democratic Republic of the Congo,,Debit Card
89,Justin,Grenter,jgrenter2g@chron.com,314-803-0298,12/10/1962,8223,Fulton,Plaza,Saint Louis,Missouri,United States,63180,255,Larry,Drive,Chouto,Santarém,Portugal,2140-215,Google Pay
90,Mar,Evamy,mevamy2h@harvard.edu,203-634-0879,11/07/1980,70408,Myrtle,Trail,Norwalk,Connecticut,United States,06854,48,Fairfield,Street,Tucson,Arizona,United States,85743,Bank Transfer
91,Wallis,Pantone,wpantone2i@godaddy.com,910-932-5848,29/05/2004,19,Oak,Way,Wilmington,North Carolina,United States,28410,874,Waywood,Street,Santo Domingo,,Philippines,4508,Cash
92,Powell,Du Plantier,pduplantier2j@bloomberg.com,540-329-6720,16/12/1997,4368,Almo,Center,Roanoke,Virginia,United States,24009,16,Tennessee,Place,Makrochóri,,Greece,,Debit Card
93,Elsi,Esterbrook,eesterbrook2k@nih.gov,720-430-2737,01/09/1995,44,South,Pass,Denver,Colorado,United States,80249,7,8th,Junction,Haveluloto,,Tonga,,Debit Card
94,Urbano,Ubach,uubach2l@elpais.com,818-604-8117,07/05/2003,8895,Weeping Birch,Road,Glendale,California,United States,91210,8669,Paget,Trail,Miraflores,Lisboa,Portugal,1495-048,Credit Card
95,Conrad,Warwick,cwarwick2m@nsw.gov.au,208-683-1504,03/07/1996,13,Transport,Crossing,Boise,Idaho,United States,83727,84956,8th,Way,Yonglong,,China,,Debit Card
96,Renault,Tripon,rtripon2n@bloomberg.com,772-746-2579,23/11/1993,5215,Hauk,Street,Fort Pierce,Florida,United States,34981,242,Lighthouse Bay,Court,Nymburk,,Czech Republic,288 02,Credit Card
97,Micheil,Spacey,mspacey2o@csmonitor.com,313-843-2325,28/12/1992,680,Carberry,Center,Detroit,Michigan,United States,48258,74,Forest Run,Lane,Belize City,,Belize,,Apple Pay
98,Guglielma,Donke,gdonke2p@quantcast.com,361-901-3386,01/08/2016,62,Gerald,Way,Corpus Christi,Texas,United States,78410,654,Macpherson,Drive,Dinaig,,Philippines,8310,Google Pay
99,Con,Holgan,cholgan2q@dyndns.org,617-997-5521,07/07/2000,646,Derek,Street,Springfield,Massachusetts,United States,01114,7436,Farmco,Drive,Velyka Oleksandrivka,,Ukraine,,Credit Card
100,Jodie,Di Roberto,jdiroberto2r@kickstarter.com,209-310-5047,04/07/2013,29,Veith,Pass,Fresno,California,United States,93715,512,Eastlawn,Crossing,Metz,Lorraine,France,57751 CEDEX 9,Debit Card
101,Rodina,Chittem,rchittem2s@parallels.com,317-830-4986,06/05/2006,24762,Michigan,Center,Indianapolis,Indiana,United States,46295,702,Carpenter,Place,Taoyuan,,China,,Debit Card
102,Rip,Pococke,rpococke2t@go.com,573-837-9625,26/11/1983,8904,Katie,Point,Jefferson City,Missouri,United States,65110,749,Monica,Point,La Laja,,Chile,,Debit Card
103,Gus,Espinazo,gespinazo2u@elegantthemes.com,419-761-4521,29/12/1989,925,Westend,Way,Toledo,Ohio,United States,43656,2820,Holmberg,Court,Boise,Idaho,United States,83722,Google Pay
104,Faun,Mount,fmount2v@histats.com,319-558-8679,13/04/2001,9,Schlimgen,Court,Iowa City,Iowa,United States,52245,2,Westerfield,Plaza,Lokossa,,Benin,,Cash
105,Cynthea,Hafford,chafford2w@alexa.com,812-269-8674,07/01/2002,468,7th,Junction,Evansville,Indiana,United States,47725,8802,Browning,Lane,Liudu,,China,,Google Pay
106,Merilyn,Flament,mflament2x@vimeo.com,205-230-0517,03/08/1963,037,Clyde Gallagher,Avenue,Birmingham,Alabama,United States,35254,8,Brickson Park,Hill,Charleston,West Virginia,United States,25389,Debit Card
107,Carina,Millard,cmillard2y@indiegogo.com,714-354-2178,28/08/1986,4,Jenna,Terrace,San Jose,California,United States,95128,8,Westridge,Street,Cayna,,Peru,,Google Pay
108,Pepillo,McMonnies,pmcmonnies2z@nydailynews.com,336-845-9219,14/09/1969,890,Marcy,Street,Greensboro,North Carolina,United States,27499,4,Browning,Center,Bireun,,Indonesia,,Credit Card
109,Raf,Strafen,rstrafen30@alexa.com,412-107-8802,25/06/2001,1,Carey,Terrace,Pittsburgh,Pennsylvania,United States,15220,1609,Columbus,Place,Bogo,,Cameroon,,Bank Transfer
110,Federica,Dobrowolny,fdobrowolny31@cbslocal.com,212-324-4297,14/08/2013,5396,Ruskin,Circle,New York City,New York,United States,10105,7,Westend,Junction,Le Havre,Haute-Normandie,France,76086 CEDEX,Google Pay
111,Sophie,Jacmar,sjacmar32@yellowpages.com,573-490-1677,14/07/1981,31795,Starling,Point,Jefferson City,Missouri,United States,65110,9,Boyd,Junction,Panaitólion,,Greece,,Credit Card
112,Ros,Polle,rpolle33@patch.com,785-407-5458,17/04/1992,1,Schiller,Crossing,Topeka,Kansas,United States,66622,92373,Buell,Junction,Jiangqiao,,China,,Apple Pay
113,Matilde,Etoile,metoile34@answers.com,513-106-8765,03/01/1966,817,Roth,Point,Cincinnati,Ohio,United States,45254,5,Bayside,Court,Sandwīp,,Bangladesh,4302,Apple Pay
114,Tallie,Broomhead,tbroomhead35@cmu.edu,432-717-4244,27/02/1986,08,Straubel,Street,Midland,Texas,United States,79710,07711,Bunker Hill,Center,Cabouco,Ilha de São Miguel,Portugal,9560-305,Cheque
115,Wendi,Cattellion,wcattellion36@theatlantic.com,865-454-0296,29/09/1987,18553,Packers,Lane,Knoxville,Tennessee,United States,37914,37573,Harbort,Plaza,Kangshan,,China,,Bank Transfer
116,Tan,Sherman,tsherman37@tmall.com,217-697-0497,11/01/1977,7,Arapahoe,Point,Springfield,Illinois,United States,62705,67,Lunder,Parkway,Sanjiang,,China,,Cash
117,Terence,Hassell,thassell38@fda.gov,314-773-1524,20/11/1961,21282,Towne,Pass,Saint Louis,Missouri,United States,63136,8,Reinke,Court,Bedford,Québec,Canada,J6W,Google Pay
118,Roselia,Mayzes,rmayzes39@chron.com,754-202-4268,21/06/2003,31036,Maywood,Terrace,Fort Lauderdale,Florida,United States,33345,2,Prairieview,Way,Surulangun Rawas,,Indonesia,,Bank Transfer
119,Cordie,Coultas,ccoultas3a@theglobeandmail.com,408-756-2496,11/10/1980,89063,Maple Wood,Pass,San Jose,California,United States,95138,7050,Nancy,Park,Santo Domingo,,Dominican Republic,11205,Google Pay
120,Esme,Hammatt,ehammatt3b@wordpress.com,205-882-9381,18/06/1991,267,Washington,Plaza,Birmingham,Alabama,United States,35290,4683,Raven,Parkway,Santiago de Subrrifana,Porto,Portugal,4560-776,Cheque
121,Barnett,Spurriar,bspurriar3c@jigsy.com,405-788-7977,14/05/1996,31704,Glacier Hill,Parkway,Oklahoma City,Oklahoma,United States,73124,940,Maywood,Road,Xishaqiao,,China,,Bank Transfer
122,Wylie,Mole,wmole3d@aol.com,305-292-1687,27/12/1964,40,Westport,Road,Clearwater,Florida,United States,34615,2521,Hollow Ridge,Road,Ob’,,Russia,633104,Google Pay
123,Erny,Heddan,eheddan3e@psu.edu,904-975-6554,27/05/2011,80,Heath,Crossing,Jacksonville,Florida,United States,32277,421,Chive,Road,Aileu,,East Timor,,Cheque
124,Sophie,Dillicate,sdillicate3f@theglobeandmail.com,313-827-0439,18/01/2001,18,Aberg,Lane,Detroit,Michigan,United States,48258,93,Iowa,Junction,Si Narong,,Thailand,34000,Cheque
125,Vere,Auguste,vauguste3g@newsvine.com,415-830-6004,27/01/2017,86,Hoffman,Alley,San Francisco,California,United States,94154,182,Doe Crossing,Way,Gaobu,,China,,Cheque
126,Bambi,Windle,bwindle3h@google.com.br,646-904-0549,14/09/2006,85,Anniversary,Road,New York City,New York,United States,10155,2,Westerfield,Park,Jishigang,,China,,Bank Transfer
127,Leelah,Radsdale,lradsdale3i@163.com,570-831-5483,07/03/1991,0397,Forster,Road,Wilkes Barre,Pennsylvania,United States,18763,79149,Wayridge,Drive,Urdaneta,,Philippines,2428,Debit Card
128,Marley,Nodes,mnodes3j@discovery.com,614-355-7687,22/08/1960,1,Portage,Lane,Columbus,Ohio,United States,43220,5,Forest Run,Trail,Mabai,,China,,Bank Transfer
129,Braden,Dwerryhouse,bdwerryhouse3k@ocn.ne.jp,202-130-7509,21/05/1963,6217,6th,Circle,Washington,District of Columbia,United States,20022,71,Steensland,Place,Apeldoorn,Provincie Gelderland,Netherlands,7309,Bank Transfer
130,Gale,Cossom,gcossom3l@hud.gov,571-649-4415,23/11/2009,8934,Di Loreto,Crossing,Merrifield,Virginia,United States,22119,21187,Lakewood,Way,Muktāgācha,,Bangladesh,2210,Apple Pay
131,Blaire,Kissick,bkissick3m@amazon.de,412-846-9713,25/07/2000,4,Bartelt,Hill,Pittsburgh,Pennsylvania,United States,15220,6,Cody,Trail,Cihambali,,Indonesia,,Cheque
132,Ebenezer,Goodrich,egoodrich3n@newsvine.com,832-431-7577,27/10/1985,30,Orin,Hill,Spring,Texas,United States,77386,40014,Vahlen,Place,Kagadi,,Uganda,,Debit Card
133,Marney,Fulloway,mfulloway3o@army.mil,757-275-2311,16/01/1973,9117,Onsgard,Center,Virginia Beach,Virginia,United States,23454,92227,Fair Oaks,Trail,Colorado Springs,Colorado,United States,80915,Cash
134,Steffi,Catanheira,scatanheira3p@elegantthemes.com,804-168-7644,05/05/1997,24441,Eggendart,Park,Manassas,Virginia,United States,22111,62144,Sycamore,Parkway,Sapeken,,Indonesia,,Debit Card
135,Kerri,Iglesias,kiglesias3q@gmpg.org,402-259-0690,11/11/1994,18,Hazelcrest,Parkway,Lincoln,Nebraska,United States,68517,4,Northfield,Drive,Changma,,China,,Apple Pay
136,Alma,Caws,acaws3r@cafepress.com,229-101-1201,22/11/1983,40,Randy,Avenue,Decatur,Georgia,United States,30089,9,Lyons,Lane,Daqin Tal,,China,,Credit Card
137,Melonie,Frostdicke,mfrostdicke3s@arizona.edu,952-867-3667,29/03/1985,10,Sutteridge,Road,Young America,Minnesota,United States,55573,8804,Del Sol,Hill,Kilingi-Nõmme,,Estonia,,Google Pay
138,Conrado,Gauson,cgauson3t@redcross.org,704-291-3590,17/10/1978,4021,Michigan,Trail,Charlotte,North Carolina,United States,28235,1,Monterey,Way,Naga,,Philippines,7004,Cash
139,Alard,Seymer,aseymer3u@rediff.com,212-751-3418,26/03/2008,0118,Prairie Rose,Hill,New York City,New York,United States,10270,87,Carberry,Crossing,Tha Yang,,Thailand,76130,Cheque
140,Erskine,Bedinham,ebedinham3v@shareasale.com,918-702-9092,02/06/2008,3976,Saint Paul,Place,Tulsa,Oklahoma,United States,74103,58,Grayhawk,Center,Czerwieńsk,,Poland,66-016,Cash
141,Pennie,Brideoke,pbrideoke3w@earthlink.net,915-472-5027,05/03/1982,4,Old Gate,Center,El Paso,Texas,United States,79940,31120,Florence,Plaza,Mriyunan,,Indonesia,,Bank Transfer
142,Gusta,Ruilton,gruilton3x@skyrock.com,412-963-6551,01/04/2020,2202,2nd,Trail,Pittsburgh,Pennsylvania,United States,15250,2002,Sunnyside,Place,Okhtyrka,,Ukraine,,Credit Card
143,Layla,Croson,lcroson3y@mapy.cz,212-668-6162,15/02/1998,3,Northview,Point,New York City,New York,United States,10131,745,Ronald Regan,Plaza,Baturinggit Kaja,,Indonesia,,Apple Pay
144,Hartley,Yarnell,hyarnell3z@phpbb.com,203-649-5158,06/04/1980,67,Forster,Avenue,Waterbury,Connecticut,United States,06705,42905,Redwing,Lane,Karagach,,Russia,361023,Cheque
145,Aeriela,Buckmaster,abuckmaster40@foxnews.com,202-528-1729,07/06/2015,3,Susan,Parkway,Alexandria,Virginia,United States,22309,43029,Lillian,Avenue,Tongzhong,,China,,Cash
146,Hubie,Piers,hpiers41@studiopress.com,786-617-6570,18/05/1983,5542,Laurel,Street,Miami,Florida,United States,33169,8,Fulton,Crossing,Takamatsu-shi,,Japan,769-0105,Bank Transfer
147,Freddi,Czaja,fczaja42@prweb.com,229-160-5945,08/07/1975,226,Duke,Drive,Valdosta,Georgia,United States,31605,58,Porter,Circle,Nangerang,,Indonesia,,Credit Card
148,Hobard,Duffil,hduffil43@gizmodo.com,763-598-9562,12/03/2009,47,Elka,Center,Maple Plain,Minnesota,United States,55572,8,Clyde Gallagher,Place,Tanggung,,Indonesia,,Debit Card
149,Gavrielle,Brosio,gbrosio44@icio.us,678-701-4306,11/07/1972,83688,Sugar,Hill,Decatur,Georgia,United States,30033,69,Derek,Terrace,Toukh,,Egypt,,Credit Card
150,Doralyn,Goldspink,dgoldspink45@pagesperso-orange.fr,504-479-7998,03/08/1976,52623,Oxford,Crossing,New Orleans,Louisiana,United States,70179,36,Spohn,Lane,Huaping,,China,,Cash
151,Blythe,Matthesius,bmatthesius46@ustream.tv,212-945-6513,06/03/2014,5,West,Place,New York City,New York,United States,10004,2,Pond,Place,Shangzhang,,China,,Credit Card
152,Gillian,Ruperto,gruperto47@yellowbook.com,602-898-5841,02/02/1995,137,Redwing,Crossing,Phoenix,Arizona,United States,85010,3969,Lyons,Hill,Nakama,,Japan,904-0401,Cheque
153,Ruttger,Tows,rtows48@typepad.com,570-424-4997,19/06/1988,18054,Jenifer,Pass,Wilkes Barre,Pennsylvania,United States,18706,9,Portage,Parkway,Añatuya,,Argentina,3760,Bank Transfer
154,Jim,McGloughlin,jmcgloughlin49@washington.edu,202-641-4878,07/08/1971,44713,Montana,Parkway,Washington,District of Columbia,United States,20310,36,Debra,Alley,Topeka,Kansas,United States,66622,Credit Card
155,Letisha,Rought,lrought4a@noaa.gov,713-248-4923,21/01/1998,1857,Manley,Point,Houston,Texas,United States,77234,2,Iowa,Avenue,Kamennyye Potoki,,Ukraine,,Apple Pay
156,Wilbert,Manby,wmanby4b@livejournal.com,858-280-4892,22/01/1989,8,Bluejay,Park,Oceanside,California,United States,92056,4,American Ash,Court,Dobryanka,,Russia,618742,Cash
157,Kip,Billyeald,kbillyeald4c@oakley.com,217-996-2708,28/07/1988,76925,Milwaukee,Drive,Springfield,Illinois,United States,62705,21452,Spaight,Point,Zyuzino,,Russia,142817,Apple Pay
158,Matt,Adolf,madolf4d@mashable.com,858-925-4822,26/05/1981,25089,Melby,Circle,San Diego,California,United States,92105,2,Weeping Birch,Alley,Gjegjan,,Albania,,Bank Transfer
159,Anjanette,Coffee,acoffee4e@japanpost.jp,412-350-5585,22/11/2000,7,Lakewood,Park,Pittsburgh,Pennsylvania,United States,15255,227,Fulton,Lane,Lacombe,Alberta,Canada,T4L,Bank Transfer
160,Mel,Lunk,mlunk4f@com.com,415-411-3801,02/11/1963,5179,Mandrake,Plaza,San Francisco,California,United States,94159,886,Elmside,Court,Mahekou,,China,,Bank Transfer
161,Chick,Strafen,cstrafen4g@drupal.org,405-715-6028,23/12/2012,45811,Packers,Street,Oklahoma City,Oklahoma,United States,73142,0,Meadow Vale,Place,Tékane,,Mauritania,,Cheque
162,Truda,Schrinel,tschrinel4h@samsung.com,337-967-4234,04/11/1993,510,Maryland,Road,Lafayette,Louisiana,United States,70593,7,Nevada,Court,Yanghuxiang,,China,,Cash
163,Griffy,Adamczewski,gadamczewski4i@earthlink.net,303-568-8132,08/10/2006,05,Boyd,Hill,Denver,Colorado,United States,80262,882,Transport,Way,Potlot,,Indonesia,,Credit Card
164,Jeffry,Shenfish,jshenfish4j@engadget.com,502-213-1949,06/10/1980,4,Monument,Junction,Louisville,Kentucky,United States,40293,34,Londonderry,Drive,Machetá,,Colombia,250848,Cheque
165,Idette,Wackett,iwackett4k@networkadvertising.org,281-565-8599,04/05/2005,2,Golf Course,Alley,Houston,Texas,United States,77035,8837,Anthes,Road,Chã,Santarém,Portugal,2435-091,Cash
166,Rebeca,Woodyeare,rwoodyeare4l@blogger.com,720-366-6989,08/09/1997,0,Lien,Road,Littleton,Colorado,United States,80126,4550,Badeau,Circle,Lüfeng,,China,,Credit Card
167,Hughie,Blackborough,hblackborough4m@usa.gov,573-544-8005,26/02/2016,87517,Graedel,Terrace,Jefferson City,Missouri,United States,65105,4,Artisan,Court,Abreus,,Cuba,,Google Pay
168,Piotr,Tasseler,ptasseler4n@tiny.cc,814-874-3743,02/10/1978,0,Acker,Crossing,Erie,Pennsylvania,United States,16565,895,Vahlen,Court,Suisan,,South Korea,,Apple Pay
169,Stafani,McReidy,smcreidy4o@dailymotion.com,419-938-5095,29/07/1979,79969,Carioca,Center,Toledo,Ohio,United States,43605,397,Fairview,Pass,Wattegama,,Sri Lanka,20810,Apple Pay
170,Dosi,Margrie,dmargrie4p@craigslist.org,413-343-8055,22/05/2009,59883,Buhler,Trail,Springfield,Massachusetts,United States,01105,2,Carioca,Crossing,Tabu,,Philippines,6122,Google Pay
171,Jacklyn,Urquhart,jurquhart4q@bloglines.com,305-118-2674,28/03/2003,665,Village Green,Parkway,Miami,Florida,United States,33147,1,Harbort,Trail,Malkā,,Jordan,,Credit Card
172,Yard,Cuddehay,ycuddehay4r@hibu.com,907-132-0115,11/11/2002,57,Lukken,Terrace,Anchorage,Alaska,United States,99507,4,Graedel,Drive,Soljani,,Croatia,32255,Bank Transfer
173,Sile,Borrill,sborrill4s@biglobe.ne.jp,301-728-4173,30/09/1975,23036,Stang,Road,Hyattsville,Maryland,United States,20784,9988,Claremont,Avenue,Al Masallamiyya,,Sudan,,Cheque
174,Olympie,Fowlestone,ofowlestone4t@1688.com,806-665-2741,19/10/1973,012,Randy,Way,Lubbock,Texas,United States,79491,6221,Bultman,Circle,Kiruna,Norrbotten,Sweden,981 31,Bank Transfer
175,Giana,Grigoletti,ggrigoletti4u@macromedia.com,757-237-6966,14/06/1992,56,Esker,Road,Chesapeake,Virginia,United States,23324,09,Fordem,Street,Lynchburg,Virginia,United States,24515,Bank Transfer
176,Sashenka,Grose,sgrose4v@yolasite.com,801-702-6647,13/06/1963,30646,Morningstar,Road,Salt Lake City,Utah,United States,84170,8,Bultman,Drive,Xilanqi,,China,,Cheque
177,Virge,Perche,vperche4w@whitehouse.gov,865-236-1623,12/08/1995,07987,Del Mar,Crossing,Amarillo,Texas,United States,79165,412,Jay,Lane,Laixi,,China,,Cash
178,Isabelita,Costa,icosta4x@google.ru,805-719-4445,25/05/1975,2,Lakeland,Court,Santa Barbara,California,United States,93106,46,Carpenter,Plaza,Zhouhe,,China,,Debit Card
179,Flory,Hughes,fhughes4y@plala.or.jp,502-860-3458,29/03/2008,7237,Riverside,Alley,Louisville,Kentucky,United States,40287,61,Pankratz,Center,Rancaranji,,Indonesia,,Cash
180,Dane,Czyz,dczyz4z@toplist.cz,318-113-7677,24/06/1961,964,Doe Crossing,Way,Alexandria,Louisiana,United States,71307,85763,Columbus,Circle,Franca,,Brazil,14400-000,Debit Card
181,Barbabra,Fidgett,bfidgett50@smugmug.com,770-236-8712,15/07/2022,26,Algoma,Trail,Atlanta,Georgia,United States,30323,1,Quincy,Parkway,Moganshan,,China,,Bank Transfer
182,Fairfax,McKeand,fmckeand51@ucoz.com,281-369-4279,27/07/1981,023,Maple,Hill,Houston,Texas,United States,77075,97,Bashford,Hill,Fordon,,Poland,86-055,Cheque
183,Vernon,Rolley,vrolley52@chronoengine.com,971-440-8266,16/12/2001,09015,Portage,Center,Portland,Oregon,United States,97240,053,Gale,Street,Sumberpandan,,Indonesia,,Debit Card
184,Valentijn,Farden,vfarden53@unicef.org,219-797-2964,12/03/2000,995,Towne,Hill,Gary,Indiana,United States,46406,597,Merry,Way,Nanyuki,,Kenya,,Cash
185,Raphael,Kaminski,rkaminski54@latimes.com,815-587-6671,19/05/1971,23,Springs,Circle,Joliet,Illinois,United States,60435,854,Dahle,Way,Achiaman,,Ghana,,Google Pay
186,Vidovik,Petrowsky,vpetrowsky55@digg.com,305-697-9826,07/04/2006,5,Maryland,Terrace,Pompano Beach,Florida,United States,33064,4677,Warner,Road,Cunliji,,China,,Debit Card
187,Emmye,Penddreth,ependdreth56@angelfire.com,585-996-1647,05/07/2022,6421,Sycamore,Plaza,Rochester,New York,United States,14683,3,Debs,Hill,Vitória da Conquista,,Brazil,45000-000,Credit Card
188,Chrissy,Dignall,cdignall57@tiny.cc,360-737-8546,16/01/1990,1,1st,Way,Vancouver,Washington,United States,98682,2,Quincy,Park,Tegallega,,Indonesia,,Google Pay
189,Hanni,Evens,hevens58@reverbnation.com,626-574-8869,25/01/1986,04187,Caliangt,Hill,Pasadena,California,United States,91199,55,Kings,Lane,Sogcho,,South Korea,,Credit Card
190,Reba,Doram,rdoram59@imageshack.us,217-123-9007,08/02/2000,234,Dryden,Pass,Springfield,Illinois,United States,62756,76392,Sunnyside,Way,Sagang,,Philippines,3505,Credit Card
191,Jill,Learmount,jlearmount5a@youtube.com,203-823-6526,12/01/1995,45369,Wayridge,Way,Hartford,Connecticut,United States,06105,2,Continental,Drive,Atami,,Japan,413-0033,Apple Pay
192,Vanda,Bradock,vbradock5b@lulu.com,612-515-4746,08/10/1964,26875,Bluejay,Trail,Minneapolis,Minnesota,United States,55458,30,Twin Pines,Way,Wenquan,,China,,Debit Card
193,Land,Arrigo,larrigo5c@simplemachines.org,816-511-8235,03/08/1994,8247,Mesta,Drive,Shawnee Mission,Kansas,United States,66205,58,Farwell,Lane,Ariguaní,,Colombia,152247,Cash
194,Knox,Mowles,kmowles5d@nature.com,606-256-5673,21/01/1996,94,Sullivan,Place,Lexington,Kentucky,United States,40596,87,Spaight,Plaza,Hamonggolele,,Indonesia,,Cash
195,Gisella,Cranstone,gcranstone5e@cisco.com,903-732-1470,31/05/1993,999,Merry,Crossing,Tyler,Texas,United States,75799,753,Schurz,Circle,Markovo,,Russia,666779,Bank Transfer
196,Wilburt,Petyakov,wpetyakov5f@t-online.de,682-751-0912,25/07/1983,17,Heath,Place,Arlington,Texas,United States,76011,0,Algoma,Parkway,Bejsce,,Poland,28-512,Cheque
197,Goldie,McJerrow,gmcjerrow5g@sbwire.com,813-694-2565,15/05/2008,841,Coolidge,Point,Zephyrhills,Florida,United States,33543,64,Milwaukee,Center,Mulhouse,Alsace,France,68069 CEDEX 2,Bank Transfer
198,May,Pain,mpain5h@craigslist.org,616-897-4152,21/09/1995,51,Barnett,Circle,Grand Rapids,Michigan,United States,49510,877,Northridge,Junction,Píritu,,Venezuela,,Apple Pay
199,Heidi,Mordacai,hmordacai5i@odnoklassniki.ru,770-513-7191,18/01/1988,28,Mandrake,Road,Atlanta,Georgia,United States,31119,740,Debs,Plaza,Vannes,Bretagne,France,56004 CEDEX,Google Pay
200,Roi,Mathon,rmathon5j@noaa.gov,214-795-5027,19/09/2023,90011,Hoard,Point,Dallas,Texas,United States,75387,8,Mandrake,Trail,Salinas,,Ecuador,,Credit Card
201,Raf,Hrihorovich,rhrihorovich5k@netscape.com,305-235-5901,06/05/2007,7,Anhalt,Junction,Miami,Florida,United States,33129,1841,Tony,Hill,Vân Tùng,,Vietnam,,Debit Card
202,Mandel,Mauser,mmauser5l@pagesperso-orange.fr,828-518-6776,18/09/2004,01,Dayton,Place,Asheville,North Carolina,United States,28805,050,Reindahl,Court,Claveria,,Philippines,9004,Cheque
203,Justinn,Hanmer,jhanmer5m@wufoo.com,913-584-6575,26/01/2019,95617,Rutledge,Park,Kansas City,Kansas,United States,66112,2181,Glacier Hill,Trail,Osa,,Russia,618146,Cash
204,Melinda,Baseke,mbaseke5n@businessinsider.com,209-254-7619,31/07/1985,1327,Ryan,Avenue,Stockton,California,United States,95210,56,Corry,Junction,Cascais,Lisboa,Portugal,2750-099,Google Pay
205,Reyna,Daniel,rdaniel5o@storify.com,636-426-8543,27/06/2002,247,Mallard,Park,Saint Louis,Missouri,United States,63131,2022,Briar Crest,Circle,Mailag,,Philippines,1602,Bank Transfer
206,Lilllie,Tuison,ltuison5p@kickstarter.com,863-541-3490,04/06/1977,4842,Debs,Place,Largo,Florida,United States,34643,1742,Homewood,Park,Changping,,China,,Debit Card
207,Conney,Portman,cportman5q@hud.gov,805-218-1253,30/06/1966,2957,Eagan,Parkway,Bakersfield,California,United States,93311,0539,Nelson,Hill,Digne-les-Bains,Provence-Alpes-Côte d'Azur,France,04016 CEDEX,Debit Card
208,Renata,Casellas,rcasellas5r@blogspot.com,804-814-5082,23/07/2006,32032,Lighthouse Bay,Road,Richmond,Virginia,United States,23289,9,Golf,Center,Patnongon,,Philippines,5702,Cash
209,Willi,Gritten,wgritten5s@ibm.com,360-835-6361,15/01/1992,4,Melvin,Junction,Olympia,Washington,United States,98506,63877,5th,Park,Pécs,Baranya,Hungary,7610,Apple Pay
210,Drucie,Leethem,dleethem5t@xinhuanet.com,360-327-0910,25/03/1997,15,Bunting,Way,Olympia,Washington,United States,98506,37666,Cody,Park,Ban Talat Yai,,Thailand,83120,Bank Transfer
211,Hurleigh,Badcock,hbadcock5u@howstuffworks.com,719-841-1462,20/03/1984,3396,Hermina,Way,Colorado Springs,Colorado,United States,80905,16959,Hooker,Street,Tarouca,Viseu,Portugal,3610-005,Credit Card
212,Jareb,Barrell,jbarrell5v@slate.com,915-950-2360,25/07/1994,3317,Delaware,Plaza,El Paso,Texas,United States,88530,0167,Autumn Leaf,Crossing,Madīnat ‘Īsá,,Bahrain,,Debit Card
213,Duncan,Weildish,dweildish5w@dedecms.com,256-573-9884,23/08/1994,4087,Columbus,Drive,Huntsville,Alabama,United States,35805,103,Becker,Junction,Limen,,China,,Google Pay
214,Kizzie,Pilling,kpilling5x@pbs.org,202-498-1867,13/04/1990,670,Jenna,Trail,Washington,District of Columbia,United States,20508,1069,Clemons,Street,Chuarrancho,,Guatemala,01061,Credit Card
215,Franchot,Stubbert,fstubbert5y@over-blog.com,443-727-1759,07/12/2020,28,Heath,Plaza,Baltimore,Maryland,United States,21239,5,Sauthoff,Hill,Lyubar,,Ukraine,,Credit Card
216,Bink,Mincini,bmincini5z@last.fm,808-617-0401,27/06/2004,88831,Straubel,Place,Honolulu,Hawaii,United States,96825,50586,Lien,Circle,Zaoxi,,China,,Cheque
217,Henrie,Mannooch,hmannooch60@fc2.com,313-837-9567,30/01/1994,7,Park Meadow,Park,Detroit,Michigan,United States,48232,38,Homewood,Trail,Pontes,Santarém,Portugal,2435-127,Bank Transfer
218,Pablo,Flett,pflett61@paypal.com,916-546-6743,19/05/2005,6633,Cody,Parkway,Sacramento,California,United States,94273,466,Macpherson,Hill,Gabi,,Philippines,2621,Bank Transfer
219,Carlie,Pendle,cpendle62@theatlantic.com,714-390-4968,24/04/1991,3307,Clarendon,Street,Newport Beach,California,United States,92662,0,Duke,Lane,Zengguang,,China,,Cheque
220,Lloyd,Francklyn,lfrancklyn63@nature.com,863-632-6519,19/01/2006,189,Sherman,Circle,Lakeland,Florida,United States,33805,8799,Glendale,Way,Kedungdowo,,Indonesia,,Apple Pay
221,Wildon,Lamminam,wlamminam64@parallels.com,302-104-1150,05/10/1982,64576,Linden,Alley,Wilmington,Delaware,United States,19805,2,Fisk,Court,Bacabal,,Brazil,65700-000,Credit Card
222,Tab,Rentoll,trentoll65@icio.us,616-231-0303,30/10/1966,42,Forest Dale,Parkway,Grand Rapids,Michigan,United States,49510,716,Clyde Gallagher,Court,Taichung,,Taiwan,,Google Pay
223,Janelle,Cull,jcull66@tinyurl.com,253-907-4512,08/08/1999,82950,Southridge,Point,Tacoma,Washington,United States,98442,7,Erie,Center,Faruka,,Pakistan,40041,Cash
224,Lindi,Dulinty,ldulinty67@odnoklassniki.ru,321-810-7057,08/08/1970,8,Moose,Trail,Orlando,Florida,United States,32825,076,Eastwood,Park,Qinghe,,China,,Cheque
225,Miriam,D'eye,mdeye68@mashable.com,606-513-1556,13/07/1978,833,Sloan,Point,London,Kentucky,United States,40745,85,Mesta,Circle,Yueyang,,China,,Cash
226,Luciano,Simpkin,lsimpkin69@who.int,915-663-0511,07/10/1989,38320,Claremont,Center,El Paso,Texas,United States,88574,3,Lawn,Crossing,Pogórze,,Poland,43-430,Bank Transfer
227,Jeannie,Wayon,jwayon6a@nymag.com,562-336-0763,22/02/1985,381,Mockingbird,Lane,Los Angeles,California,United States,90071,3,Morning,Park,Changleng,,China,,Credit Card
228,Barbra,Woodstock,bwoodstock6b@hc360.com,617-566-4736,29/08/1985,11,Knutson,Park,Lynn,Massachusetts,United States,01905,5,Hauk,Place,Rana,Lisboa,Portugal,2775-389,Apple Pay
229,Amii,Mariet,amariet6c@yellowbook.com,502-906-0504,28/04/2002,1,Pierstorff,Court,Louisville,Kentucky,United States,40205,80,Randy,Court,Rurrenabaque,,Bolivia,,Cash
230,Byrom,Wilacot,bwilacot6d@issuu.com,570-270-3783,15/07/2022,43,Nancy,Terrace,Wilkes Barre,Pennsylvania,United States,18706,879,Linden,Point,Saga,,China,,Google Pay
231,Gloria,Erdis,gerdis6e@posterous.com,202-309-6209,07/08/1994,4,Jackson,Park,Washington,District of Columbia,United States,20088,00,Eastwood,Park,Tres Isletas,,Argentina,4000,Bank Transfer
232,Hussein,MacCaughey,hmaccaughey6f@unc.edu,210-364-7019,14/08/1985,045,Tomscot,Lane,San Antonio,Texas,United States,78205,20,Hagan,Junction,Simbal,,Peru,,Bank Transfer
233,Germayne,Nugent,gnugent6g@ebay.co.uk,760-503-3487,12/03/1980,05,Village Green,Circle,Carlsbad,California,United States,92013,1099,Eliot,Lane,Lorino,,Russia,659702,Debit Card
234,Clayson,Kemell,ckemell6h@goodreads.com,318-692-9966,29/06/1975,6473,Orin,Point,Alexandria,Louisiana,United States,71307,35,Granby,Point,Rostov-na-Donu,,Russia,353356,Cheque
235,Kassie,Demoge,kdemoge6i@qq.com,256-199-0861,11/11/1985,629,Browning,Street,Huntsville,Alabama,United States,35805,980,Morrow,Lane,Capellanía,,Panama,,Debit Card
236,Regine,Emmett,remmett6j@webeden.co.uk,425-889-7245,17/05/1989,6919,Linden,Hill,Seattle,Washington,United States,98158,4658,Waxwing,Center,Zhujiang,,China,,Cheque
237,Lucien,Busch,lbusch6k@ftc.gov,623-498-9105,26/08/1983,4,Aberg,Plaza,Scottsdale,Arizona,United States,85260,95939,Vidon,Circle,Huangchi,,China,,Debit Card
238,Katti,McGuigan,kmcguigan6l@nsw.gov.au,913-725-3916,29/08/1975,041,Schiller,Street,Kansas City,Kansas,United States,66112,4,Sycamore,Lane,Sievi,,Finland,85410,Apple Pay
239,Ermentrude,Ciric,eciric6m@trellian.com,413-320-7769,08/07/1986,1084,Brickson Park,Point,Springfield,Massachusetts,United States,01129,55483,Carpenter,Crossing,Sapadun,,Philippines,9614,Apple Pay
240,Elna,Cockerton,ecockerton6n@meetup.com,432-538-5101,11/03/1995,18,School,Terrace,Odessa,Texas,United States,79764,8589,Hagan,Alley,Sigeng,,China,,Bank Transfer
241,Dietrich,Earingey,dearingey6o@netlog.com,904-247-5236,10/01/1968,1,Parkside,Lane,Saint Augustine,Florida,United States,32092,44,Monument,Trail,Gorgān,,Iran,,Google Pay
242,Amara,Eagers,aeagers6p@drupal.org,480-133-9339,14/02/1982,586,Commercial,Circle,Phoenix,Arizona,United States,85025,624,Messerschmidt,Point,Chizhou,,China,,Apple Pay
243,Ebony,Gotling,egotling6q@multiply.com,619-728-6725,16/04/1961,7,North,Circle,San Diego,California,United States,92105,9,Riverside,Point,Pereira,,Colombia,660017,Debit Card
244,Bibby,Walesa,bwalesa6r@amazon.co.uk,617-759-2153,20/05/2016,706,Superior,Court,Lynn,Massachusetts,United States,01905,0,Stuart,Trail,Tongkiling,,Indonesia,,Bank Transfer
245,Joellen,Henrys,jhenrys6s@t.co,410-694-5466,14/07/2007,87,Lotheville,Alley,Laurel,Maryland,United States,20709,978,Cottonwood,Trail,Catalão,,Brazil,75700-000,Cash
246,Kendrick,Yonge,kyonge6t@opera.com,318-895-5244,08/02/2020,895,Hauk,Drive,Shreveport,Louisiana,United States,71151,75,Sullivan,Pass,Pikalëvo,,Russia,187600,Bank Transfer
247,Micki,Concannon,mconcannon6u@bravesites.com,253-446-8651,14/09/1980,6889,Aberg,Crossing,Tacoma,Washington,United States,98405,7,Debra,Drive,Tanniu,,China,,Bank Transfer
248,Rosalie,Hasell,rhasell6v@unicef.org,901-361-3988,11/01/1964,71,Mesta,Alley,Memphis,Tennessee,United States,38197,2618,Manley,Court,Gimo,Uppsala,Sweden,747 43,Google Pay
249,Waverly,Gieraths,wgieraths6w@cdbaby.com,619-475-8817,29/08/2011,92,Pennsylvania,Circle,San Diego,California,United States,92153,38,Commercial,Pass,Ban Phai,,Thailand,40110,Apple Pay
250,Meggi,Mountney,mmountney6x@phoca.cz,612-164-7393,09/06/1970,1591,Charing Cross,Plaza,Minneapolis,Minnesota,United States,55458,6263,Rockefeller,Circle,Javhlant,,Mongolia,,Cash
251,Cicily,Lesaunier,clesaunier6y@fotki.com,202-689-9816,19/04/2009,01,Caliangt,Hill,Washington,District of Columbia,United States,20546,346,Ramsey,Lane,Semibratovo,,Russia,606771,Credit Card
252,Horacio,Stoneman,hstoneman6z@nydailynews.com,714-918-9362,10/09/1975,6481,Lukken,Center,Newport Beach,California,United States,92662,05,Iowa,Pass,Florida,,Honduras,,Google Pay
253,Morly,Coppo,mcoppo70@jiathis.com,414-626-9783,23/06/1964,7854,Sloan,Center,Milwaukee,Wisconsin,United States,53234,0329,Alpine,Point,Kitwe,,Zambia,,Google Pay
254,Alexia,Campa,acampa71@google.pl,202-856-3331,07/07/2007,0,Delaware,Way,Washington,District of Columbia,United States,20508,9527,Browning,Drive,Shin’ichi,,Japan,729-3111,Google Pay
255,Shandeigh,Tomasicchio,stomasicchio72@theatlantic.com,813-487-9000,26/02/2014,89204,Transport,Avenue,Tampa,Florida,United States,33615,30,Oriole,Court,Fria,,Guinea,,Bank Transfer
256,Ardenia,Sabates,asabates73@ft.com,214-281-9153,25/11/1960,562,Graceland,Place,Dallas,Texas,United States,75260,7590,Mesta,Avenue,Moss,Ostfold,Norway,1531,Debit Card
257,Kittie,Riddler,kriddler74@cnn.com,716-910-0127,25/04/2013,761,Pine View,Trail,Buffalo,New York,United States,14225,1222,Continental,Point,Jiabei,,China,,Apple Pay
258,Whitby,Brindle,wbrindle75@altervista.org,913-537-8419,24/10/1995,5,Lerdahl,Road,Shawnee Mission,Kansas,United States,66286,8632,Mcguire,Trail,Manoel Urbano,,Brazil,69950-000,Bank Transfer
259,Dex,O'Scollain,doscollain76@google.ca,212-260-0700,25/09/2007,488,Hayes,Lane,New York City,New York,United States,10150,2432,Everett,Junction,Cabaret,,Haiti,,Debit Card
260,Gregory,Renner,grenner77@walmart.com,940-560-4918,30/12/1992,39,Mayer,Drive,Denton,Texas,United States,76205,086,Washington,Circle,Songkhla,,Thailand,30280,Google Pay
261,Vin,Douglass,vdouglass78@engadget.com,682-710-5002,13/09/2011,3,Heath,Court,Fort Worth,Texas,United States,76178,23,Annamark,Avenue,Madan,,Indonesia,,Debit Card
262,Claudianus,Stuchbury,cstuchbury79@msn.com,615-323-2392,01/10/2004,44,Susan,Court,Murfreesboro,Tennessee,United States,37131,353,Roxbury,Park,Borgustanskaya,,Russia,357373,Google Pay
263,Alverta,Blanning,ablanning7a@whitehouse.gov,360-249-3446,12/06/1965,9625,Jana,Place,Vancouver,Washington,United States,98687,476,Claremont,Point,Bochum,Nordrhein-Westfalen,Germany,44869,Apple Pay
264,Murielle,Roylance,mroylance7b@opera.com,256-238-3570,28/08/2018,8500,Cottonwood,Lane,Anniston,Alabama,United States,36205,353,School,Crossing,Rabaul,,Papua New Guinea,,Google Pay
265,Janot,Coper,jcoper7c@storify.com,806-101-2569,04/12/1965,483,Rieder,Street,Amarillo,Texas,United States,79105,2,Larry,Circle,Khāngāh Dogrān,,Pakistan,39250,Cash
266,Ruby,Mulgrew,rmulgrew7d@topsy.com,601-706-4708,01/05/2018,2457,Weeping Birch,Crossing,Jackson,Mississippi,United States,39204,89,Russell,Alley,Kafr Mandā,,Israel,,Bank Transfer
267,Gayler,Ivankin,givankin7e@slideshare.net,360-544-5890,03/12/2016,3697,Welch,Center,Olympia,Washington,United States,98506,173,Kings,Alley,Daishan,,China,,Bank Transfer
268,Stormy,Custard,scustard7f@dailymail.co.uk,208-288-9647,11/05/1996,73,Mallard,Lane,Boise,Idaho,United States,83722,5,Sunfield,Street,Kai,,Afghanistan,,Google Pay
269,Roberta,Cansdale,rcansdale7g@360.cn,386-991-2754,01/04/2006,40380,Carpenter,Park,Daytona Beach,Florida,United States,32123,40456,Acker,Park,Saint Paul,Minnesota,United States,55108,Apple Pay
270,Ursuline,Finnigan,ufinnigan7h@tamu.edu,513-572-5717,23/10/1984,15847,Upham,Street,Cincinnati,Ohio,United States,45213,85,John Wall,Circle,Gunungputri,,Indonesia,,Cheque
271,Moishe,Dayment,mdayment7i@yale.edu,408-391-5381,25/08/2005,3480,Ramsey,Center,San Jose,California,United States,95160,997,Hallows,Circle,Shizi,,China,,Cash
272,Akim,Elcum,aelcum7j@oaic.gov.au,408-109-5190,03/12/1982,426,Havey,Alley,San Jose,California,United States,95194,6,Heath,Crossing,Áno Kalentíni,,Greece,,Apple Pay
273,Sig,Plunkett,splunkett7k@cloudflare.com,518-591-6096,10/09/2011,68,Clove,Road,Albany,New York,United States,12247,68175,Oriole,Circle,Clarin,,Philippines,7201,Apple Pay
274,Florry,Boerderman,fboerderman7l@cnn.com,303-746-5823,28/09/1999,62,East,Road,Denver,Colorado,United States,80262,1,Melody,Parkway,Hwangju-ŭp,,North Korea,,Bank Transfer
275,Sharona,Fussie,sfussie7m@pbs.org,571-517-3213,18/08/1980,17,Glacier Hill,Street,Merrifield,Virginia,United States,22119,90045,Boyd,Hill,Rājshāhi,,Bangladesh,6100,Bank Transfer
276,Rafi,McShirie,rmcshirie7n@hugedomains.com,850-901-1047,22/05/1962,14204,Lakewood,Point,Tallahassee,Florida,United States,32309,0460,Eastlawn,Circle,Zimovniki,,Russia,347460,Credit Card
277,Marti,Badam,mbadam7o@slate.com,206-848-0009,26/05/1982,36,Namekagon,Parkway,Seattle,Washington,United States,98195,941,Menomonie,Street,Vanino,,Russia,682860,Bank Transfer
278,Shermy,Abrey,sabrey7p@salon.com,408-891-4080,31/10/2020,113,Twin Pines,Drive,San Jose,California,United States,95108,925,Northwestern,Circle,Jetaral,,China,,Cheque
279,Arabel,Bunnell,abunnell7q@ow.ly,919-745-4388,18/11/1974,218,Karstens,Junction,Raleigh,North Carolina,United States,27690,09227,Acker,Avenue,Bodĭ,,Mongolia,,Cheque
280,Tildi,Hindrich,thindrich7r@blogtalkradio.com,210-681-0569,08/11/1970,8091,Boyd,Way,San Antonio,Texas,United States,78220,7,Dryden,Center,Olyshivka,,Ukraine,,Credit Card
281,Gabie,Bingle,gbingle7s@blog.com,504-323-7800,30/05/1989,938,Maryland,Hill,New Orleans,Louisiana,United States,70149,95,La Follette,Drive,Jianba,,China,,Cash
282,Onofredo,MacCardle,omaccardle7t@statcounter.com,907-103-6772,02/07/2023,5580,Victoria,Circle,Anchorage,Alaska,United States,99522,01971,Columbus,Park,Sayansk,,Russia,662654,Debit Card
283,Drake,Bucklee,dbucklee7u@furl.net,212-836-0703,17/06/1977,886,Monument,Drive,Jamaica,New York,United States,11499,950,Meadow Vale,Way,Xiangjiazhai,,China,,Google Pay
284,Donetta,Lucian,dlucian7v@wisc.edu,202-366-8183,21/01/2010,23,Manufacturers,Place,Washington,District of Columbia,United States,20022,7100,Ilene,Circle,Uddiawan,,Philippines,3605,Google Pay
285,Aksel,Bartoletti,abartoletti7w@fema.gov,202-342-5162,15/01/2011,3506,Emmet,Point,Washington,District of Columbia,United States,20078,237,Derek,Lane,Nová Paka,,Czech Republic,509 01,Credit Card
286,Emili,Pulfer,epulfer7x@shutterfly.com,585-670-1998,18/09/2015,3,Pond,Trail,Rochester,New York,United States,14604,8,Bashford,Circle,Rontu,,Indonesia,,Bank Transfer
287,Dominga,Pitkethly,dpitkethly7y@ezinearticles.com,512-806-8473,20/12/2015,7,Bultman,Trail,Austin,Texas,United States,78737,96,Acker,Center,Jablunkov,,Czech Republic,739 91,Debit Card
288,Clerkclaude,Janisson,cjanisson7z@123-reg.co.uk,240-187-4204,21/07/1998,18653,Erie,Trail,Hagerstown,Maryland,United States,21747,88,Division,Center,Albany,Georgia,United States,31704,Google Pay
289,Byram,Antonellini,bantonellini80@noaa.gov,602-964-3675,11/03/1962,10,Eggendart,Circle,Phoenix,Arizona,United States,85072,8,Laurel,Plaza,Haocun,,China,,Apple Pay
290,Taffy,Bygraves,tbygraves81@paginegialle.it,719-431-8180,05/09/1969,2,Lyons,Road,Colorado Springs,Colorado,United States,80945,5464,West,Plaza,Zherdevka,,Russia,397100,Cheque
291,Melicent,Kemsley,mkemsley82@spotify.com,770-661-4684,13/10/1988,00,Spaight,Drive,Marietta,Georgia,United States,30061,12937,Mosinee,Terrace,Västra Frölunda,Västra Götaland,Sweden,426 57,Cheque
292,Carina,Yanin,cyanin83@themeforest.net,215-259-4295,13/06/1969,8,Main,Lane,Philadelphia,Pennsylvania,United States,19151,52,Troy,Center,Paniqui,,Philippines,3322,Cash
293,Fanchon,Pecey,fpecey84@tmall.com,315-232-2869,30/11/1976,3393,Alpine,Street,Rochester,New York,United States,14614,76276,Buell,Avenue,Maputsoe,,Lesotho,,Debit Card
294,Markus,Minter,mminter85@php.net,518-622-1926,04/03/1964,088,5th,Crossing,Albany,New York,United States,12205,780,Lotheville,Avenue,Debe,,Trinidad and Tobago,,Bank Transfer
295,Nonna,Kener,nkener86@parallels.com,319-324-5124,25/07/1998,8258,Forest,Court,Cedar Rapids,Iowa,United States,52410,7,Arkansas,Plaza,Nantes,Pays de la Loire,France,44094 CEDEX 1,Debit Card
296,Devonne,Yitzhakov,dyitzhakov87@princeton.edu,616-564-5540,24/02/2009,7243,Sachs,Parkway,Grand Rapids,Michigan,United States,49510,0197,Independence,Parkway,Örnsköldsvik,Västernorrland,Sweden,891 41,Apple Pay
297,Rose,Melendez,rmelendez88@bigcartel.com,605-744-3215,12/05/2022,7,Leroy,Place,Sioux Falls,South Dakota,United States,57193,5,Golf Course,Plaza,Tongren,,China,,Cash
298,Tyrus,Gwinnett,tgwinnett89@cisco.com,313-195-8506,01/06/2020,8408,Packers,Parkway,Detroit,Michigan,United States,48232,6,Burrows,Street,Dawu,,China,,Cheque
299,Dorthea,Sparks,dsparks8a@cnn.com,315-918-3422,18/09/1994,96,Tennyson,Crossing,Syracuse,New York,United States,13205,15,Morningstar,Junction,Camindangan,,Philippines,7015,Bank Transfer
300,Ainslie,Duncanson,aduncanson8b@surveymonkey.com,718-664-5874,31/01/1982,260,East,Circle,Flushing,New York,United States,11355,5577,Harbort,Junction,Sujiazhuang,,China,,Cash
301,Weylin,Ridgley,wridgley8c@smh.com.au,410-944-3912,02/06/2004,70782,Myrtle,Trail,Baltimore,Maryland,United States,21290,7064,Ronald Regan,Lane,San Juan,,Philippines,6227,Bank Transfer
302,Scotty,Franzolini,sfranzolini8d@networkadvertising.org,208-809-1952,14/04/1964,155,Russell,Plaza,Boise,Idaho,United States,83732,3,Rutledge,Avenue,Nam Đàn,,Vietnam,,Cheque
303,Lynnell,Westwick,lwestwick8e@unesco.org,612-932-0055,16/10/2010,571,Ilene,Place,Minneapolis,Minnesota,United States,55417,0,Claremont,Circle,Tuochuan,,China,,Debit Card
304,Ase,Benit,abenit8f@dmoz.org,202-446-3869,27/08/1975,9169,Cherokee,Avenue,Washington,District of Columbia,United States,20430,764,Golf,Plaza,Repatriación,,Paraguay,,Debit Card
305,Lucina,Cicchetto,lcicchetto8g@craigslist.org,941-444-4048,19/07/1968,6139,Melrose,Court,Punta Gorda,Florida,United States,33982,5,Reindahl,Court,Victoria,,Philippines,6406,Cheque
306,Florina,Biggar,fbiggar8h@noaa.gov,702-961-8467,29/06/1993,235,Jenifer,Way,Las Vegas,Nevada,United States,89160,336,Blue Bill Park,Drive,Sagarejo,,Georgia,,Apple Pay
307,Corinna,Rosenberger,crosenberger8i@usgs.gov,816-863-5255,20/01/1989,7743,Glacier Hill,Junction,Independence,Missouri,United States,64054,01,Tony,Court,Novi Karlovci,,Serbia,,Google Pay
308,Kerby,Pavia,kpavia8j@census.gov,910-329-9462,12/11/2022,1,Morningstar,Drive,Wilmington,North Carolina,United States,28405,71455,Holy Cross,Circle,La Plaine-Saint-Denis,Île-de-France,France,93214 CEDEX,Credit Card
309,Germayne,Lodovichi,glodovichi8k@photobucket.com,352-787-7992,18/01/2013,933,Banding,Lane,Gainesville,Florida,United States,32605,506,Valley Edge,Parkway,Kirkop,,Malta,KKP,Apple Pay
310,Agnes,Skeggs,askeggs8l@oracle.com,717-412-0113,17/11/1960,720,Brown,Place,Lancaster,Pennsylvania,United States,17622,779,Dawn,Place,Waturoka,,Indonesia,,Cheque
311,Isiahi,Grishanov,igrishanov8m@imdb.com,414-967-1902,04/02/2012,52740,Summer Ridge,Road,Milwaukee,Wisconsin,United States,53234,1409,Longview,Hill,Lahan Sai,,Thailand,31170,Debit Card
312,Ysabel,Yakunikov,yyakunikov8n@cdc.gov,303-751-4800,11/06/1990,4158,Sachs,Circle,Denver,Colorado,United States,80279,1,Lien,Alley,Rafael Perazza,,Uruguay,,Credit Card
313,Clarette,Butterick,cbutterick8o@youtu.be,817-369-1811,03/01/2013,63,Grover,Center,Fort Worth,Texas,United States,76110,9,Kedzie,Pass,Changjiangbu,,China,,Cheque
314,Dougie,Keattch,dkeattch8p@google.nl,302-448-6378,16/07/1981,91826,Hoepker,Place,Wilmington,Delaware,United States,19892,7001,Express,Place,Zainsk,,Russia,423524,Cheque
315,Austen,Czaple,aczaple8q@simplemachines.org,512-341-5553,27/01/2021,5,Dottie,Parkway,Austin,Texas,United States,78769,060,Pearson,Center,Xingtai,,China,,Google Pay
316,Sophia,Kluger,skluger8r@addthis.com,650-357-8748,22/01/1999,5,Westend,Terrace,Mountain View,California,United States,94042,667,Graedel,Lane,Sevan,,Armenia,,Bank Transfer
317,Keelby,Bogges,kbogges8s@about.com,614-963-4442,28/02/1982,664,Comanche,Terrace,Columbus,Ohio,United States,43210,51,Kings,Avenue,Olonets,,Russia,186000,Bank Transfer
318,Sayers,Draxford,sdraxford8t@ning.com,850-624-5079,01/11/2002,6657,Bluejay,Point,Pensacola,Florida,United States,32575,97369,Susan,Drive,Huangzhou,,China,,Cash
319,Teddy,Graham,tgraham8u@accuweather.com,540-137-8663,21/12/1997,58,Haas,Terrace,Roanoke,Virginia,United States,24048,77049,Logan,Trail,Bentar Girang,,Indonesia,,Apple Pay
320,Laird,MacGovern,lmacgovern8v@sitemeter.com,727-715-1215,11/10/2017,1188,Brentwood,Pass,Saint Petersburg,Florida,United States,33731,495,Victoria,Point,Alcanhões,Santarém,Portugal,2000-355,Apple Pay
321,Twila,Sabatini,tsabatini8w@liveinternet.ru,413-498-9790,12/03/1960,02,Center,Crossing,Springfield,Massachusetts,United States,01129,785,North,Point,Sakharovo,,Russia,613840,Google Pay
322,Gretchen,Bawles,gbawles8x@yandex.ru,704-562-7348,20/09/2009,0,South,Junction,Charlotte,North Carolina,United States,28205,61732,Northport,Hill,Jatiraya,,Indonesia,,Apple Pay
323,Neal,Schnieder,nschnieder8y@usa.gov,571-894-5573,14/03/1978,6362,Old Shore,Point,Arlington,Virginia,United States,22217,914,Morrow,Lane,Arroyo Naranjo,,Cuba,,Google Pay
324,Emmeline,Corwin,ecorwin8z@arizona.edu,904-824-5880,27/07/1994,820,Dahle,Junction,Jacksonville,Florida,United States,32244,75745,Briar Crest,Plaza,Alingsås,Västra Götaland,Sweden,441 38,Debit Card
325,Stearn,Stephens,sstephens90@comsenz.com,404-971-3294,13/12/2023,1799,Mesta,Alley,Atlanta,Georgia,United States,31165,001,Lerdahl,Crossing,Sawahbaru,,Indonesia,,Debit Card
326,Jaquelyn,Twizell,jtwizell91@fotki.com,316-424-0177,21/09/1970,142,Vermont,Road,Wichita,Kansas,United States,67236,97150,Namekagon,Parkway,Umeå,Västerbotten,Sweden,903 01,Google Pay
327,Dominic,Partridge,dpartridge92@soup.io,502-469-2668,06/11/2001,8009,Holmberg,Way,Louisville,Kentucky,United States,40298,2664,Utah,Lane,Ngundaan,,Indonesia,,Google Pay
328,Nettle,Gosdin,ngosdin93@altervista.org,816-317-4981,16/08/1983,9243,South,Road,Shawnee Mission,Kansas,United States,66205,74474,Acker,Lane,Landskrona,Skåne,Sweden,261 45,Credit Card
329,Rorke,Mowson,rmowson94@webs.com,859-102-9352,02/11/1969,01170,Cardinal,Point,Lexington,Kentucky,United States,40524,9936,Logan,Plaza,Xiaoling,,China,,Cash
330,Terry,Ivanyutin,tivanyutin95@nasa.gov,702-642-0198,04/08/2009,8,Portage,Pass,Reno,Nevada,United States,89550,0,Lighthouse Bay,Trail,Tianzhen,,China,,Credit Card
331,Guntar,Sissel,gsissel96@hc360.com,970-871-9105,08/11/1999,79,Del Mar,Road,Grand Junction,Colorado,United States,81505,829,Waywood,Pass,Mizque,,Bolivia,,Bank Transfer
332,Deb,Crawcour,dcrawcour97@earthlink.net,937-337-5529,15/09/2007,69877,Lakewood,Drive,Dayton,Ohio,United States,45432,3771,Merchant,Park,Xiachu,,China,,Bank Transfer
333,Keane,Bewlay,kbewlay98@liveinternet.ru,213-353-5392,06/01/2021,66729,Hintze,Avenue,Los Angeles,California,United States,90030,99,Colorado,Pass,Buarcos,Coimbra,Portugal,3080-222,Debit Card
334,Abigail,Scutching,ascutching99@yellowbook.com,717-366-4620,30/09/1960,6,Kim,Point,Harrisburg,Pennsylvania,United States,17110,0864,Old Shore,Junction,Yekimovichi,,Russia,216533,Cheque
335,Roma,McGirl,rmcgirl9a@dailymail.co.uk,323-131-0251,11/06/2015,98,Clyde Gallagher,Drive,Los Angeles,California,United States,90076,2,Washington,Terrace,Uiasa,,Indonesia,,Cheque
336,Tammie,Wisson,twisson9b@pcworld.com,785-471-5687,04/09/2015,8718,Anniversary,Drive,Topeka,Kansas,United States,66611,749,Meadow Ridge,Circle,L-Iklin,,Malta,ZTN,Google Pay
337,Arabella,Gadman,agadman9c@yale.edu,701-969-6564,12/06/1982,538,Bunker Hill,Place,Grand Forks,North Dakota,United States,58207,6,Talmadge,Crossing,Maych’ew,,Ethiopia,,Google Pay
338,Orlando,Logg,ologg9d@sohu.com,337-796-3657,02/06/1985,4,Nelson,Junction,Lafayette,Louisiana,United States,70505,1,Dayton,Street,Hōjō,,Japan,799-2441,Apple Pay
339,Benjy,Greenstead,bgreenstead9e@rambler.ru,616-412-2657,11/07/1997,836,Linden,Place,Grand Rapids,Michigan,United States,49510,218,Portage,Court,Shinyanga,,Tanzania,,Credit Card
340,Donavon,Root,droot9f@linkedin.com,904-288-3985,19/06/1975,3803,Almo,Center,Jacksonville,Florida,United States,32204,61,Lunder,Place,Daqingshan,,China,,Cash
341,Rolando,Dilworth,rdilworth9g@hostgator.com,973-241-7975,30/03/1964,60204,Crescent Oaks,Plaza,Paterson,New Jersey,United States,07522,49562,John Wall,Plaza,Xinxu,,China,,Google Pay
342,Andi,Piquard,apiquard9h@blinklist.com,513-912-9963,18/01/2014,25501,Tony,Junction,Cincinnati,Ohio,United States,45228,105,Kipling,Junction,Berendeyevo,,Russia,152000,Apple Pay
343,Flori,Pechell,fpechell9i@amazon.co.jp,614-801-3544,27/05/1981,77,Esker,Point,Columbus,Ohio,United States,43231,5344,Loeprich,Crossing,Namibe,,Angola,,Bank Transfer
344,Karee,Dusting,kdusting9j@cocolog-nifty.com,314-569-9557,01/07/2010,43,Summerview,Plaza,Migrate,Kentucky,United States,41905,9,Loftsgordon,Hill,Dubai,,United Arab Emirates,,Debit Card
345,Gayle,Triggs,gtriggs9k@gov.uk,305-169-4535,16/04/1963,84384,Division,Trail,Miami,Florida,United States,33129,74,North,Plaza,Furukawa,,Japan,963-8823,Apple Pay
346,Alex,Nazareth,anazareth9l@craigslist.org,217-151-0133,07/06/2013,2970,Fair Oaks,Center,Springfield,Illinois,United States,62705,9,Kedzie,Park,Chã,Santarém,Portugal,2435-091,Cash
347,Arlette,Abdey,aabdey9m@oakley.com,202-507-2070,13/10/2016,06,Blaine,Alley,Washington,District of Columbia,United States,20380,7111,Grim,Park,Central,,Hong Kong,,Debit Card
348,Delmer,McRorie,dmcrorie9n@phpbb.com,612-654-4296,05/08/1983,22,Loeprich,Alley,Minneapolis,Minnesota,United States,55470,374,Goodland,Junction,Heemstede,Provincie Noord-Holland,Netherlands,2104,Credit Card
349,Georgianne,Minelli,gminelli9o@narod.ru,602-260-3544,30/07/2015,2009,Schiller,Place,Phoenix,Arizona,United States,85010,0,Banding,Drive,Usquil,,Peru,,Google Pay
350,Gasper,Hearn,ghearn9p@ehow.com,312-221-9770,11/02/2018,7,Mallard,Junction,Chicago,Illinois,United States,60681,024,Nevada,Junction,Baryshivka,,Ukraine,,Bank Transfer
351,Giacobo,Westhofer,gwesthofer9q@senate.gov,716-194-8905,25/03/1983,0748,Fisk,Plaza,Buffalo,New York,United States,14205,45054,Hudson,Center,Huangshi,,China,,Bank Transfer
352,Archibaldo,Khotler,akhotler9r@utexas.edu,202-256-5592,15/08/1968,12,Saint Paul,Trail,Washington,District of Columbia,United States,20337,3,Hanover,Hill,Vrdy,,Czech Republic,285 71,Credit Card
353,Kerwinn,Camelli,kcamelli9s@list-manage.com,713-933-8409,17/09/1997,94,Kings,Drive,Houston,Texas,United States,77228,60,Trailsway,Place,Sainte-Agathe-des-Monts,Québec,Canada,J8C,Apple Pay
354,Maggy,Magog,mmagog9t@bloglines.com,518-351-2331,22/04/1976,2,Grasskamp,Crossing,Albany,New York,United States,12205,22,Debs,Point,Uścimów Stary,,Poland,21-109,Debit Card
355,Ethan,Layburn,elayburn9u@auda.org.au,602-503-6578,25/01/1964,8505,Becker,Point,Mesa,Arizona,United States,85205,4,Holmberg,Junction,Petrich,,Bulgaria,2889,Cash
356,Gretel,Whisker,gwhisker9v@nba.com,314-481-9230,01/12/1971,716,Prentice,Avenue,Saint Louis,Missouri,United States,63126,82535,Onsgard,Circle,Genengan Kulon,,Indonesia,,Debit Card
357,Rubie,Kingcott,rkingcott9w@senate.gov,973-489-7242,03/10/1970,6681,Jenna,Park,Newark,New Jersey,United States,07104,84838,Sunnyside,Lane,Old Harbour Bay,,Jamaica,,Cheque
358,Antonia,Volante,avolante9x@blinklist.com,423-151-2797,13/08/2018,13,Kim,Park,Chattanooga,Tennessee,United States,37410,9189,Clove,Crossing,Naran Bulag,,China,,Bank Transfer
359,Dinnie,Kofax,dkofax9y@nifty.com,502-223-8765,15/09/1993,3,Dakota,Park,Louisville,Kentucky,United States,40266,49,Westerfield,Drive,Campoverde,,Peru,,Google Pay
360,Rhianna,Jiggle,rjiggle9z@omniture.com,614-305-2868,10/05/2006,96,Grover,Pass,Columbus,Ohio,United States,43210,143,Melrose,Place,Huiwan,,China,,Cash
361,Port,Jauncey,pjaunceya0@meetup.com,561-850-2057,25/03/1961,9997,Hollow Ridge,Court,Delray Beach,Florida,United States,33448,18,Pawling,Street,Patrocínio,,Brazil,38740-000,Bank Transfer
362,Teena,Lindemann,tlindemanna1@soup.io,405-802-2017,05/08/1984,9552,Heath,Road,Oklahoma City,Oklahoma,United States,73173,46,Carioca,Alley,Parintins,,Brazil,69150-000,Debit Card
363,Rhonda,Warnes,rwarnesa2@blogs.com,573-813-3401,30/08/2000,31,Welch,Parkway,Jefferson City,Missouri,United States,65105,02,Quincy,Junction,Shahe,,China,,Cheque
364,Brenda,Gammett,bgammetta3@skyrock.com,775-798-9948,17/09/1960,36,Texas,Road,Carson City,Nevada,United States,89714,403,Russell,Hill,Krasnodar,,Russia,385129,Google Pay
365,Eben,Renhard,erenharda4@bigcartel.com,314-800-4747,02/11/1995,5322,Ridge Oak,Way,Saint Louis,Missouri,United States,63104,3,Prairie Rose,Junction,Qingshi,,China,,Apple Pay
366,Sabine,Kareman,skaremana5@gnu.org,405-629-6464,18/03/1968,9,Becker,Alley,Oklahoma City,Oklahoma,United States,73190,29,Macpherson,Terrace,Khilok,,Russia,673201,Cheque
367,Prissie,Fussey,pfusseya6@technorati.com,202-453-3790,04/03/1968,2,Park Meadow,Center,Washington,District of Columbia,United States,20226,188,Summit,Center,Goubétto,,Djibouti,,Bank Transfer
368,Maddy,Feacham,mfeachama7@tmall.com,304-433-6500,25/01/2016,98849,Pine View,Trail,Huntington,West Virginia,United States,25705,9108,Rockefeller,Road,Nabari,,Japan,509-4122,Google Pay
369,Matthiew,Gummow,mgummowa8@telegraph.co.uk,918-351-3014,28/12/2016,6719,Oakridge,Avenue,Tulsa,Oklahoma,United States,74193,7262,Colorado,Parkway,Şabbūrah,,Syria,,Credit Card
370,Kellen,Strode,kstrodea9@merriam-webster.com,717-993-5890,05/09/1964,244,Village Green,Park,Harrisburg,Pennsylvania,United States,17110,678,Rowland,Hill,Tanjungbalai,,Indonesia,,Bank Transfer
371,Avrom,Lanaway,alanawayaa@cargocollective.com,314-882-9214,24/08/2020,97068,Autumn Leaf,Center,Saint Louis,Missouri,United States,63104,16,Golden Leaf,Park,New Mīrpur,,Pakistan,47951,Credit Card
372,Deck,Wollard,dwollardab@jugem.jp,469-148-1989,14/10/1996,3,Walton,Place,Dallas,Texas,United States,75205,5666,Oak,Pass,Lebedinovka,,Kyrgyzstan,,Apple Pay
373,Agata,Eddy,aeddyac@nhs.uk,317-699-2392,18/10/1984,67076,Westport,Plaza,Indianapolis,Indiana,United States,46295,491,Maple,Place,Evansville,Indiana,United States,47747,Cheque
374,Zach,Sharville,zsharvillead@rediff.com,213-839-9982,08/12/1976,11,Northridge,Road,Van Nuys,California,United States,91499,243,Northland,Alley,Nogueira,Porto,Portugal,4605-410,Cash
375,Sheila-kathryn,Just,sjustae@over-blog.com,215-568-3026,01/05/1980,4542,Lakewood Gardens,Center,Philadelphia,Pennsylvania,United States,19141,04,Paget,Junction,Misawa,,Japan,992-1202,Debit Card
376,Ugo,Dandie,udandieaf@about.com,786-748-5787,09/01/2002,712,School,Drive,Miami,Florida,United States,33196,28,Crownhardt,Street,Suya,,Nigeria,,Cash
377,Prescott,Pennicard,ppennicardag@loc.gov,213-798-0468,16/01/1994,04033,1st,Junction,Los Angeles,California,United States,90005,24651,Larry,Circle,Laugar,,Iceland,650,Credit Card
378,Llewellyn,Sheehy,lsheehyah@parallels.com,919-134-1408,02/04/1998,02635,American Ash,Drive,Durham,North Carolina,United States,27710,0,Montana,Center,Inkerman,,Ukraine,,Cash
379,Kara,Rowatt,krowattai@hugedomains.com,561-675-4674,21/04/1968,389,Hovde,Trail,Delray Beach,Florida,United States,33448,94233,Hintze,Court,Dno,,Russia,182670,Google Pay
380,Eustace,Postians,epostiansaj@latimes.com,615-935-5684,25/02/2004,552,Evergreen,Point,Nashville,Tennessee,United States,37245,3,Carey,Center,Peuara,,Indonesia,,Cash
381,Donni,Gauler,dgaulerak@about.me,203-243-5067,09/01/1999,806,Holmberg,Court,Danbury,Connecticut,United States,06816,2957,Westridge,Junction,Quivilla,,Peru,,Google Pay
382,Iris,Avrahamy,iavrahamyal@technorati.com,203-924-8560,25/03/2016,7084,Dorton,Plaza,Hartford,Connecticut,United States,06105,87,Homewood,Road,Shuishi,,China,,Apple Pay
383,Angelica,Leat,aleatam@abc.net.au,615-436-1186,22/06/1968,67,Kipling,Court,Nashville,Tennessee,United States,37220,75216,Comanche,Drive,Xuân Trường,,Vietnam,,Cash
384,Flemming,Bettanay,fbettanayan@simplemachines.org,404-868-1092,13/05/2000,2,Utah,Circle,Decatur,Georgia,United States,30033,556,Summerview,Avenue,La Unión,,Peru,,Google Pay
385,Sally,Blaby,sblabyao@accuweather.com,202-335-1070,28/11/2014,4585,Main,Street,Washington,District of Columbia,United States,20430,8496,Golf,Circle,Nazir Town,,Pakistan,50701,Apple Pay
386,Marillin,Dall,mdallap@lycos.com,608-280-9870,17/12/1967,2,Service,Lane,Madison,Wisconsin,United States,53710,2,Petterle,Place,Tanshan,,China,,Debit Card
387,Cesya,Millberg,cmillbergaq@intel.com,501-305-9890,19/08/2002,580,Beilfuss,Court,Little Rock,Arkansas,United States,72209,539,Anzinger,Trail,Teófilo Otoni,,Brazil,39800-000,Google Pay
388,Opal,Birts,obirtsar@wikimedia.org,813-876-8632,15/08/1997,349,Hallows,Drive,Tampa,Florida,United States,33686,34955,Moland,Point,Changqiao,,China,,Cheque
389,Berte,Tunder,btunderas@google.ru,704-211-5267,17/04/1969,8512,Dwight,Crossing,Charlotte,North Carolina,United States,28205,733,Trailsway,Lane,Novovladykino,,Russia,659436,Apple Pay
390,Dukie,Bickerstasse,dbickerstasseat@geocities.com,706-248-7190,19/04/1993,229,Meadow Valley,Plaza,Columbus,Georgia,United States,31914,46692,Harbort,Trail,Cochrane,Alberta,Canada,T4C,Cheque
391,Tallulah,Brommage,tbrommageau@ox.ac.uk,361-154-4219,08/01/1981,955,Pennsylvania,Plaza,Corpus Christi,Texas,United States,78405,72754,Mayer,Park,Kaeng Khro,,Thailand,36150,Cheque
392,Faythe,Wasiel,fwasielav@microsoft.com,310-169-5634,14/10/2003,401,Texas,Court,Garden Grove,California,United States,92844,168,Transport,Street,Nan,,Thailand,55000,Cash
393,Eadie,Brockington,ebrockingtonaw@macromedia.com,415-485-3560,12/12/2000,90,Carioca,Alley,San Francisco,California,United States,94159,11367,Anthes,Drive,Jiandou,,China,,Debit Card
394,Augustus,Pearcy,apearcyax@amazon.de,-489-4971,16/10/1989,759,Nancy,Way,Pittsburgh,Pennsylvania,United States,15266,87109,Pepper Wood,Hill,Cherskiy,,Russia,678831,Debit Card
395,Merrie,Nichols,mnicholsay@tripod.com,202-109-1219,10/07/1985,71,Grover,Alley,Washington,District of Columbia,United States,20546,15,Toban,Drive,Dobrich,,Bulgaria,9337,Debit Card
396,Dominique,Inglese,dingleseaz@cbslocal.com,703-727-3898,13/08/2023,77,Russell,Alley,Reston,Virginia,United States,20195,8891,Holmberg,Court,Vyaz’ma,,Russia,215119,Cheque
397,Tobye,Macrow,tmacrowb0@smh.com.au,952-587-0914,10/02/2002,8,Pine View,Trail,Maple Plain,Minnesota,United States,55579,7,Columbus,Trail,Thị Trấn Thất Khê,,Vietnam,,Cash
398,Barbra,Ballach,bballachb1@blogspot.com,765-608-0524,04/02/2007,7753,Badeau,Pass,Indianapolis,Indiana,United States,46202,65,Northview,Place,Babakanbandung,,Indonesia,,Google Pay
399,Lark,Bembrigg,lbembriggb2@columbia.edu,208-286-9659,09/01/1992,478,Ohio,Trail,Portland,Oregon,United States,97211,03,Mockingbird,Hill,Itō,,Japan,414-0055,Apple Pay
400,Ailene,Hinkensen,ahinkensenb3@vkontakte.ru,201-382-5378,20/03/2022,142,Reinke,Circle,Paterson,New Jersey,United States,07522,60103,Warrior,Crossing,Villanueva,,Colombia,130537,Cash
401,Alvan,Inkles,ainklesb4@cargocollective.com,520-272-4295,08/10/2023,57039,Warbler,Crossing,Tucson,Arizona,United States,85715,7246,Browning,Plaza,Dubravica,,Bosnia and Herzegovina,,Bank Transfer
402,Suzann,Ambrogioli,sambrogiolib5@webs.com,650-715-6099,03/10/1977,4798,Bashford,Junction,San Jose,California,United States,95113,5,Lerdahl,Road,Yuxi,,China,,Apple Pay
403,Pavia,Kemble,pkembleb6@oaic.gov.au,520-997-6535,13/07/2009,2,Iowa,Trail,Tucson,Arizona,United States,85705,3,Lakeland,Point,Umeå,Västerbotten,Sweden,904 35,Bank Transfer
404,Gwyneth,Gittins,ggittinsb7@economist.com,804-193-4323,28/08/1993,7,Blue Bill Park,Pass,Richmond,Virginia,United States,23237,6,Heffernan,Circle,Jijiang,,China,,Cheque
405,Timmie,Minichi,tminichib8@studiopress.com,205-260-6382,29/09/2009,05,Oxford,Drive,Birmingham,Alabama,United States,35236,481,Mendota,Hill,Małdyty,,Poland,14-330,Google Pay
406,Stacia,Jacquest,sjacquestb9@cocolog-nifty.com,315-477-3874,14/07/2001,9,Eastlawn,Drive,Rochester,New York,United States,14614,59,Cordelia,Junction,Hujiagou,,China,,Cheque
407,Ambrosi,Shakesby,ashakesbyba@myspace.com,757-598-1760,28/07/1972,84001,Susan,Hill,Norfolk,Virginia,United States,23514,191,Iowa,Trail,Angren,,Uzbekistan,,Google Pay
408,Robb,Pellissier,rpellissierbb@imgur.com,763-651-6190,13/07/2004,4,Sundown,Lane,Monticello,Minnesota,United States,55590,81652,Pepper Wood,Road,Hargeysa,,Somalia,,Credit Card
409,Maudie,Kytter,mkytterbc@vkontakte.ru,213-272-1637,21/11/1998,9,Ludington,Parkway,Los Angeles,California,United States,90035,7340,Vahlen,Drive,Złotoryja,,Poland,59-501,Debit Card
410,Korry,Berney,kberneybd@twitter.com,352-309-8218,20/12/1995,62,Reindahl,Park,Ocala,Florida,United States,34479,86,Dahle,Park,Casa Nova,Lisboa,Portugal,2655-425,Credit Card
411,Lorraine,Keelin,lkeelinbe@nyu.edu,319-118-5572,02/10/1975,5,Scofield,Junction,Iowa City,Iowa,United States,52245,78,Claremont,Pass,Danglang Hudong,,China,,Apple Pay
412,Butch,Batstone,bbatstonebf@alexa.com,202-518-4584,18/02/1986,3,Marquette,Road,Washington,District of Columbia,United States,20520,33,Sundown,Crossing,Suyo,,Philippines,2715,Google Pay
413,Raul,Iggulden,rigguldenbg@google.ca,816-988-8256,05/12/1975,65,Northfield,Drive,Kansas City,Missouri,United States,64136,38,Iowa,Crossing,Nālūt,,Libya,,Cash
414,Susanna,Savine,ssavinebh@amazon.co.uk,808-702-0090,28/03/2017,8,Westridge,Alley,Honolulu,Hawaii,United States,96805,63,Blue Bill Park,Point,Lianpeng,,China,,Bank Transfer
415,Dredi,Pinching,dpinchingbi@nytimes.com,216-511-9858,25/05/1984,2,Algoma,Drive,Cleveland,Ohio,United States,44105,8,Shelley,Road,Aguas del Padre,,Honduras,,Google Pay
416,Thorsten,Todaro,ttodarobj@apache.org,843-379-5616,17/08/1981,31,Scott,Hill,Florence,South Carolina,United States,29505,10008,Truax,Hill,George Hill,,Anguilla,,Debit Card
417,Denyse,Burgum,dburgumbk@free.fr,617-640-8393,21/08/1990,213,Spenser,Center,Boston,Massachusetts,United States,02298,113,Stephen,Trail,Huiqi,,China,,Debit Card
418,Joceline,Shotboulte,jshotboultebl@myspace.com,585-228-6923,05/06/2006,107,Logan,Hill,Rochester,New York,United States,14604,44,Browning,Circle,Kimito,,Finland,11710,Cash
419,Pate,Ainsby,painsbybm@youku.com,718-181-7988,11/11/2007,07,Ronald Regan,Hill,Bronx,New York,United States,10469,5627,Springs,Point,Wangtai,,China,,Cash
420,Ynez,Vassel,yvasselbn@blog.com,501-175-3326,22/04/2008,247,Bay,Trail,Little Rock,Arkansas,United States,72215,9429,Derek,Lane,Longfeng,,China,,Cash
421,Humphrey,Napoleone,hnapoleonebo@ning.com,614-278-0237,25/05/1971,2804,Maywood,Terrace,Columbus,Ohio,United States,43220,58914,Merry,Place,Negla,,Indonesia,,Apple Pay
422,Lauretta,Blabber,lblabberbp@ted.com,612-618-5296,25/02/1980,04,Scoville,Trail,Minneapolis,Minnesota,United States,55446,2,Portage,Court,Gafanha da Encarnação,Aveiro,Portugal,3830-473,Debit Card
423,Ravi,Cocking,rcockingbq@hugedomains.com,205-926-5646,21/12/1972,40508,Thierer,Parkway,Birmingham,Alabama,United States,35263,61867,Dexter,Pass,Bagé,,Brazil,96400-000,Google Pay
424,Chaim,Stealy,cstealybr@topsy.com,413-277-4463,03/01/2010,0,Village Green,Center,Springfield,Massachusetts,United States,01129,1,Walton,Lane,Xinhua,,China,,Bank Transfer
425,Hester,Labet,hlabetbs@weibo.com,254-499-2894,22/04/2023,43978,Reindahl,Park,Waco,Texas,United States,76711,70211,Hovde,Lane,Murfreesboro,Tennessee,United States,37131,Google Pay
426,Shaw,Verma,svermabt@google.co.jp,757-784-5173,07/07/2007,307,Hovde,Plaza,Manassas,Virginia,United States,22111,58,Ronald Regan,Court,Honolulu,Hawaii,United States,96850,Apple Pay
427,Anastasie,Bollini,abollinibu@tripod.com,952-913-6263,04/11/1976,70526,Mitchell,Trail,Young America,Minnesota,United States,55573,1,Debra,Plaza,Zengji,,China,,Cheque
428,Hobard,Ilyinski,hilyinskibv@icq.com,407-746-0593,24/07/1976,4905,Brickson Park,Park,Pensacola,Florida,United States,32595,16,Corry,Road,Uchkulan,,Russia,369236,Cheque
429,Emelyne,Rolingson,erolingsonbw@freewebs.com,205-960-4738,06/05/2004,12972,Glacier Hill,Crossing,Birmingham,Alabama,United States,35244,85769,Bluestem,Junction,Rozhnyativ,,Ukraine,,Google Pay
430,Arin,Kilbourne,akilbournebx@lycos.com,314-675-3119,01/12/2019,10045,Roth,Parkway,Saint Louis,Missouri,United States,63131,4,Fremont,Pass,Zhangpu,,China,,Google Pay
431,Flossy,Wandless,fwandlessby@lycos.com,208-823-8585,07/08/1996,3,Granby,Plaza,Boise,Idaho,United States,83732,31,Browning,Alley,Rennes,Bretagne,France,35022 CEDEX 2,Debit Card
432,Ivy,Whitnall,iwhitnallbz@about.com,212-750-8843,17/10/1975,11,Service,Alley,Jamaica,New York,United States,11499,2,Rigney,Drive,Ovacik,İzmir,Turkey,35890,Debit Card
433,Trev,Ternouth,tternouthc0@shareasale.com,865-525-4901,06/03/1963,4,Eagan,Drive,Knoxville,Tennessee,United States,37931,46,Hoard,Point,Mongu,,Zambia,,Cash
434,Barbabas,Plewman,bplewmanc1@webmd.com,209-368-4457,18/02/2002,530,Gale,Drive,Stockton,California,United States,95210,99,Farwell,Circle,Campbellton,New Brunswick,Canada,E3N,Apple Pay
435,Gabriel,Pointing,gpointingc2@thetimes.co.uk,401-704-3945,22/06/1990,61,Bluejay,Street,Amarillo,Texas,United States,79171,90189,Ridgeview,Avenue,Bambang,,Philippines,3702,Cheque
436,Anjanette,Verny,avernyc3@360.cn,718-479-9130,06/07/1962,9,Russell,Pass,Brooklyn,New York,United States,11210,1,Ohio,Way,Baltimore,Maryland,United States,21275,Debit Card
437,Dulcie,Casacchia,dcasacchiac4@meetup.com,865-456-9455,23/03/1995,63,Manitowish,Terrace,Knoxville,Tennessee,United States,37931,3,Larry,Circle,Daxi,,Taiwan,,Bank Transfer
438,Clea,Rolley,crolleyc5@youtu.be,314-101-8871,10/10/2007,068,International,Street,Saint Louis,Missouri,United States,63143,291,Moose,Court,Dongxin,,China,,Debit Card
439,Lindsay,Raulin,lraulinc6@artisteer.com,616-756-3971,18/03/1995,9,New Castle,Lane,Grand Rapids,Michigan,United States,49544,56,Kim,Junction,Huaniao,,China,,Cheque
440,Camellia,Aartsen,caartsenc7@washington.edu,405-529-2245,09/07/2007,72803,Waywood,Parkway,Oklahoma City,Oklahoma,United States,73124,1140,Dunning,Crossing,Qelëz,,Albania,,Cash
441,Ardenia,Chrystal,achrystalc8@blinklist.com,502-928-1715,14/08/1970,86429,Welch,Crossing,Louisville,Kentucky,United States,40298,89,Eastlawn,Park,Ruda Śląska,,Poland,41-717,Debit Card
442,Christoph,Eldered,celderedc9@sfgate.com,408-553-7058,01/12/2013,81,Larry,Center,San Jose,California,United States,95160,30,North,Court,Yurovka,,Russia,353426,Apple Pay
443,Myca,Micklewright,mmicklewrightca@narod.ru,212-773-7116,15/12/1997,64,Anhalt,Center,Jamaica,New York,United States,11470,8,Anzinger,Park,Philadelphia,Pennsylvania,United States,19104,Bank Transfer
444,Wilt,Mattiussi,wmattiussicb@angelfire.com,803-927-8100,14/01/1989,200,Buell,Alley,Columbia,South Carolina,United States,29215,7578,Alpine,Place,Gazimurskiy Zavod,,Russia,102213,Google Pay
445,Lowrance,Gurge,lgurgecc@nifty.com,408-248-4369,16/04/2009,468,Nobel,Avenue,San Jose,California,United States,95160,34,Tomscot,Terrace,Las Matas de Santa Cruz,,Dominican Republic,10507,Cash
446,Amalia,Rattenbury,arattenburycd@blogs.com,229-885-8357,19/09/2006,902,Grasskamp,Center,Decatur,Georgia,United States,30089,8,Anthes,Junction,El Pardo,,Philippines,6337,Credit Card
447,Lay,Bohlin,lbohlince@i2i.jp,615-954-1330,11/12/1986,0,Hayes,Center,Nashville,Tennessee,United States,37245,610,Ridgeway,Parkway,Aguas del Padre,,Honduras,,Bank Transfer
448,Natalie,Quipp,nquippcf@bravesites.com,334-674-2069,04/09/2009,9208,Lerdahl,Pass,Montgomery,Alabama,United States,36177,10,Grim,Way,Sioux Falls,South Dakota,United States,57193,Google Pay
449,Marcile,Southwood,msouthwoodcg@foxnews.com,540-298-7866,23/07/1997,9112,Hauk,Terrace,Roanoke,Virginia,United States,24034,0459,Hazelcrest,Drive,Río Grande,,Dominican Republic,11515,Credit Card
450,Hillery,Mixture,hmixturech@unc.edu,202-493-9301,23/09/2022,910,Maryland,Center,Washington,District of Columbia,United States,20535,362,Armistice,Lane,Ashbourne,,Ireland,A84,Bank Transfer
451,Nichole,Sparshutt,nsparshuttci@vkontakte.ru,714-232-4066,18/08/2021,8,Gina,Plaza,Fullerton,California,United States,92835,13,Oak,Way,Dhangarhi,,Nepal,,Debit Card
452,Laurella,Shemmin,lshemmincj@mediafire.com,571-390-4141,21/02/1964,7799,Armistice,Alley,Reston,Virginia,United States,22096,89,Jenifer,Park,Rakszawa,,Poland,37-111,Cheque
453,Kendre,Marrill,kmarrillck@i2i.jp,405-484-7320,14/06/1966,194,Morrow,Way,Oklahoma City,Oklahoma,United States,73179,0,Twin Pines,Plaza,Tarui,,Japan,590-0521,Google Pay
454,Lesley,Dearsley,ldearsleycl@bizjournals.com,206-130-0899,13/09/1985,81,Macpherson,Park,Seattle,Washington,United States,98195,3949,Nancy,Plaza,Cibangban Girang,,Indonesia,,Apple Pay
455,Jsandye,Paridge,jparidgecm@etsy.com,419-982-7471,06/11/1976,9,7th,Alley,Toledo,Ohio,United States,43615,46,Delladonna,Drive,Sokyryany,,Ukraine,,Credit Card
456,Truda,Goldring,tgoldringcn@de.vu,206-261-9821,27/12/1996,35,Lerdahl,Circle,Seattle,Washington,United States,98195,44609,Prentice,Alley,Uppsala,Uppsala,Sweden,753 81,Credit Card
457,Paxton,Opdenort,popdenortco@nbcnews.com,562-592-5667,16/03/1961,8121,Alpine,Center,Whittier,California,United States,90605,22193,Packers,Park,Vila Chã,Porto,Portugal,4485-518,Cash
458,Shurlock,Humerstone,shumerstonecp@com.com,202-414-0431,02/02/1968,75,Arkansas,Junction,Washington,District of Columbia,United States,20238,05401,Saint Paul,Center,Concepción,,Bolivia,,Credit Card
459,Maisey,MacNeish,mmacneishcq@army.mil,713-731-8181,02/01/2010,97,Brown,Terrace,Houston,Texas,United States,77065,28,Warner,Trail,Dongfeng,,China,,Google Pay
460,Huntington,Klisch,hklischcr@ifeng.com,773-267-2341,16/06/1980,40,Rutledge,Way,Chicago,Illinois,United States,60614,6086,2nd,Drive,Sari,,Iran,,Cheque
461,Baxie,Youll,byoullcs@vkontakte.ru,605-477-4383,31/08/2007,34565,Burrows,Plaza,Sioux Falls,South Dakota,United States,57193,4121,Burrows,Point,Quế Sơn,,Vietnam,,Debit Card
462,Josee,Petran,jpetranct@blogger.com,970-353-6504,27/04/1968,6147,Nancy,Parkway,Greeley,Colorado,United States,80638,4,Cottonwood,Plaza,Etinan,,Nigeria,,Bank Transfer
463,Garreth,Rackam,grackamcu@exblog.jp,617-810-7259,06/11/1984,0,Corry,Place,Boston,Massachusetts,United States,02203,7718,Golden Leaf,Lane,Armação de Pêra,Faro,Portugal,8365-105,Debit Card
464,Lonna,Szach,lszachcv@hc360.com,317-797-3706,10/04/1969,06148,Merry,Park,Indianapolis,Indiana,United States,46295,7,Mesta,Road,Padangtiji,,Indonesia,,Google Pay
465,Abey,Elcocks,aelcockscw@wordpress.com,313-103-1275,09/11/2020,29472,8th,Lane,Detroit,Michigan,United States,48232,3326,Hazelcrest,Lane,Duzhou,,China,,Google Pay
466,Hendrick,Binfield,hbinfieldcx@bandcamp.com,314-741-6950,18/09/1987,68,Springview,Alley,Saint Louis,Missouri,United States,63169,115,Dakota,Avenue,Josefina,,Philippines,7027,Cash
467,Annalee,Whiten,awhitency@skype.com,318-851-5924,31/08/1989,95626,Memorial,Terrace,Shreveport,Louisiana,United States,71105,09144,Transport,Avenue,Riangbaring,,Indonesia,,Cheque
468,Jennette,Howatt,jhowattcz@shop-pro.jp,682-913-6120,25/09/1994,2649,Carey,Plaza,Fort Worth,Texas,United States,76178,605,Corscot,Parkway,Bulri,,Pakistan,47361,Credit Card
469,Chaddie,Scowen,cscowend0@goo.gl,260-189-2406,21/01/1981,34905,Commercial,Center,Fort Wayne,Indiana,United States,46896,0,Delaware,Trail,Bautista,,Philippines,2424,Bank Transfer
470,Charil,Beane,cbeaned1@wunderground.com,410-100-9953,27/07/2011,92,Mosinee,Lane,Baltimore,Maryland,United States,21216,3,Petterle,Crossing,Tarbagatay,,Russia,152891,Debit Card
471,Pembroke,Whitnall,pwhitnalld2@wikispaces.com,217-929-6496,26/08/1967,22230,Schiller,Terrace,Champaign,Illinois,United States,61825,01,Del Sol,Alley,Cape Coast,,Ghana,,Apple Pay
472,Aristotle,Marshman,amarshmand3@accuweather.com,214-595-0142,16/12/2016,94904,Walton,Drive,Dallas,Texas,United States,75277,4782,Russell,Park,Gubskaya,,Russia,352552,Google Pay
473,Morgen,Bye,mbyed4@disqus.com,916-200-1573,21/03/1969,69158,Burrows,Center,Sacramento,California,United States,95833,8018,Kensington,Way,Khlong Toei,,Thailand,34360,Google Pay
474,Magdalene,Steinhammer,msteinhammerd5@unc.edu,619-720-0216,12/07/1983,4,Harbort,Terrace,San Diego,California,United States,92165,9665,Melvin,Way,Apiaí,,Brazil,18320-000,Apple Pay
475,Ambrosio,Summerlad,asummerladd6@woothemes.com,540-443-9223,12/01/1997,15,Holy Cross,Court,Roanoke,Virginia,United States,24040,2,Hoard,Trail,Shiḩan as Suflá,,Yemen,,Apple Pay
476,Ozzy,Seeborne,oseeborned7@foxnews.com,954-417-0956,03/05/1984,68,Victoria,Alley,West Palm Beach,Florida,United States,33411,3312,Fulton,Parkway,Łazy,,Poland,76-002,Cash
477,Renaldo,Melby,rmelbyd8@cbslocal.com,202-756-4586,06/10/1984,70,Clyde Gallagher,Alley,Washington,District of Columbia,United States,20226,5,Ryan,Parkway,Ak’ordat,,Eritrea,,Apple Pay
478,Mose,Dimitrov,mdimitrovd9@woothemes.com,303-230-8976,06/06/1984,976,Redwing,Avenue,Denver,Colorado,United States,80279,23000,Thompson,Street,Marija Bistrica,,Croatia,49246,Apple Pay
479,Oriana,Bellwood,obellwoodda@yellowbook.com,828-224-3235,02/10/1990,169,Boyd,Place,Asheville,North Carolina,United States,28805,95,Arkansas,Terrace,Itaquaquecetuba,,Brazil,08570-000,Apple Pay
480,Dominica,Gounet,dgounetdb@geocities.jp,417-208-1832,30/06/2023,396,Crowley,Circle,Springfield,Missouri,United States,65810,872,Homewood,Junction,Komorniki,,Poland,62-056,Debit Card
481,Elke,McCahill,emccahilldc@exblog.jp,720-124-1650,01/02/2013,4478,Armistice,Crossing,Denver,Colorado,United States,80241,3,Lakewood Gardens,Hill,Falun,Dalarna,Sweden,791 14,Debit Card
482,Daryl,Betteriss,dbetterissdd@squarespace.com,303-931-8373,02/11/1968,344,Northview,Lane,Denver,Colorado,United States,80204,98456,Randy,Place,Lokea,,Indonesia,,Cheque
483,Erica,Beharrell,ebeharrellde@histats.com,352-810-1858,25/08/1994,0645,Donald,Lane,Gainesville,Florida,United States,32605,14,Briar Crest,Center,Västerås,Västmanland,Sweden,721 57,Debit Card
484,Adolph,Titterell,atitterelldf@bigcartel.com,571-880-6608,21/02/1981,4371,Alpine,Junction,Dulles,Virginia,United States,20189,12313,Sycamore,Place,Padangtiji,,Indonesia,,Cash
485,Peter,Follitt,pfollittdg@ox.ac.uk,319-423-5804,21/03/1978,496,Westridge,Way,Iowa City,Iowa,United States,52245,46,Jana,Junction,Wuyahe,,China,,Debit Card
486,Odella,Larkcum,olarkcumdh@newyorker.com,862-375-7360,29/05/1989,57041,Pond,Point,Newark,New Jersey,United States,07195,13070,Wayridge,Road,Qiaobian,,China,,Google Pay
487,Fairfax,McGiffie,fmcgiffiedi@surveymonkey.com,717-847-6833,16/11/1984,6628,Lyons,Lane,Harrisburg,Pennsylvania,United States,17121,2998,Porter,Road,Dongming,,China,,Credit Card
488,Hildagarde,Oels,hoelsdj@bluehost.com,405-708-9961,08/07/1974,03,Lighthouse Bay,Lane,Oklahoma City,Oklahoma,United States,73190,8,Mayer,Plaza,Pansoy,,Philippines,6801,Debit Card
489,Emmy,Castagno,ecastagnodk@ed.gov,801-768-0672,27/10/2006,70,Thierer,Street,Salt Lake City,Utah,United States,84125,637,Dayton,Alley,Banjarjo,,Indonesia,,Cheque
490,Charmine,Collinson,ccollinsondl@nationalgeographic.com,775-100-2133,22/12/2009,48917,Arrowood,Terrace,Reno,Nevada,United States,89510,66024,Golf Course,Street,Boyeros,,Cuba,,Google Pay
491,Dixie,Heinreich,dheinreichdm@biglobe.ne.jp,469-654-5824,24/05/2023,39623,Barby,Way,Garland,Texas,United States,75044,5,Parkside,Plaza,Ji’an,,China,,Debit Card
492,Geri,Lamberts,glambertsdn@boston.com,412-230-1568,11/01/1961,2,Linden,Way,Pittsburgh,Pennsylvania,United States,15220,90,Lakeland,Place,Pamoyanan,,Indonesia,,Debit Card
493,Sibbie,Keeping,skeepingdo@salon.com,404-681-5299,24/11/2015,5386,Pierstorff,Plaza,Cumming,Georgia,United States,30130,308,Di Loreto,Way,Itatiba,,Brazil,13250-000,Credit Card
494,Lusa,Dobrowski,ldobrowskidp@hibu.com,408-233-3932,06/10/1986,073,Oak,Plaza,San Jose,California,United States,95108,61673,Spohn,Crossing,Gawul,,Indonesia,,Credit Card
495,Ellie,Kidstoun,ekidstoundq@taobao.com,917-481-6312,01/06/1975,5273,Nevada,Circle,Bronx,New York,United States,10469,63457,Prentice,Drive,Ouro Branco,,Brazil,59347-000,Cash
496,Brenda,Imrie,bimriedr@zimbio.com,917-722-2805,08/07/2018,84171,Canary,Avenue,Brooklyn,New York,United States,11215,569,Armistice,Court,San Juan de los Morros,,Venezuela,,Cheque
497,Dorthea,Feldmesser,dfeldmesserds@tinypic.com,916-784-0563,24/04/2007,7,Gateway,Terrace,Sacramento,California,United States,94250,4,Arrowood,Court,Bruxelles,Bruxelles-Capitale,Belgium,1050,Cheque
498,Marlene,Issac,missacdt@blog.com,917-816-0576,10/06/2018,0175,Di Loreto,Place,Bronx,New York,United States,10459,9966,Columbus,Way,Fradelos,Braga,Portugal,4705-676,Bank Transfer
499,Urson,Cranna,ucrannadu@google.ca,423-104-5310,30/06/2013,175,Muir,Trail,Chattanooga,Tennessee,United States,37416,893,Londonderry,Terrace,‘Alī al Gharbī,,Iraq,,Apple Pay
500,Gabbie,Evangelinos,gevangelinosdv@homestead.com,501-997-5405,01/09/1967,0611,Park Meadow,Alley,Little Rock,Arkansas,United States,72204,121,Old Gate,Trail,Tokonou,,Guinea,,Cash
