product_id,seller_id,category_id,name,color,size,brand,price,currency,inventory
1,28,8,Remote Control Car,Violet,S,Meejo,1374.57,COP,3599
2,32,10,DIY Embroidery Kit,Pink,XXL,Yakitri,3740.79,PHP,7850
3,44,21,French Press Coffee Maker,Indigo,XXL,Browseblab,1542.3,CZK,5466
4,16,28,Custom Engraved Watch,Aquamarine,S,Trilia,4070.23,SEK,7345
5,18,18,Facial Cleansing Brush,Teal,XS,Trupe,312.0,EUR,6433
6,26,27,Stationery Set,Orange,NA,Wordware,4295.2,CNY,3419
7,24,3,Specialty Tea Sampler,Violet,XXL,Zooveo,730.29,PHP,681
8,20,2,Men's Leather Wallet,Yellow,XXXL,Wikizz,3827.92,KYD,6805
9,25,22,Outdoor Camping Cookware Set,Indigo,NA,Yozio,2868.91,BRL,5951
10,30,15,Velvet Throw Pillow,Mauv,XXXS,Divape,3965.1,BYR,2943
11,41,7,Personalized Photo Frame,Turquoise,L,Wikivu,1172.99,CNY,1565
12,29,13,Artificial Succulent Plants,Mauv,S,Thoughtbridge,220.19,EUR,4894
13,50,14,Organic Coffee Beans,Pink,XXS,Roodel,4188.23,PAB,9646
14,10,16,DIY Embroidery Kit,Blue,XL,Realbridge,3383.08,IDR,6402
15,7,17,Photography Lighting Kit,Aquamarine,XXS,Ainyx,3863.66,IDR,354
16,47,19,DIY Embroidery Kit,Khaki,XXS,Blogspan,1976.16,CUP,3824
17,37,29,Cookbook,Goldenrod,XXXL,Meedoo,3171.21,IDR,206
18,21,12,Digital Thermometer,Teal,S,Innojam,4848.66,COP,1973
19,19,30,DVD Movie Collection,Green,XXL,Eadel,312.58,MNT,8273
20,8,24,Yoga Mat,Aquamarine,M,Jaxspan,2806.68,ZAR,7087
21,34,25,Desk Organizer,Turquoise,L,Jabbersphere,3960.29,TZS,26
22,12,11,Wireless Charging Pad,Mauv,NA,Bluezoom,3130.65,IDR,1579
23,13,6,Remote Control Car,Teal,NA,Dabvine,329.79,CNY,4411
24,31,1,Outdoor Camping Cookware Set,Goldenrod,L,Meezzy,4206.31,LAK,5049
25,6,4,Cat Toy Set,Aquamarine,M,Fatz,122.25,MNT,2912
26,40,20,Cookbook,Aquamarine,XL,Plambee,1592.14,BRL,7359
27,39,26,Video Game Console,Orange,XXL,Youopia,4052.0,LBP,1745
28,48,23,Personalized Photo Frame,Aquamarine,XS,Feedbug,4686.92,CNY,1588
29,43,5,DIY Craft Kit,Teal,L,Zooxo,57.8,PHP,5786
30,36,9,Cocktail Shaker Set,Blue,XXL,Dynava,640.28,CNY,5504
31,27,12,Car Phone Mount,Green,XXL,Devshare,2870.51,IDR,8653
32,13,2,Organic Baby Clothing Set,Crimson,M,Innotype,3958.71,CNY,8917
33,46,26,Men's Grooming Kit,Aquamarine,NA,Camido,1702.4,PEN,3011
34,28,17,Hiking Backpack,Red,S,Topicstorm,4382.87,RUB,7549
35,8,10,Gaming Mouse,Green,NA,Yadel,239.59,CNY,1413
36,44,13,Fitness Tracker,Puce,S,Zazio,1543.47,BOB,9489
37,18,27,Camping Hammock,Crimson,M,Brainsphere,530.76,CNY,4101
38,49,1,Artificial Flower Bouquet,Fuscia,L,Gevee,489.94,IDR,8347
39,21,21,Yoga Mat,Aquamarine,XXL,Mudo,2792.49,BRL,6389
40,23,9,Hardcover Notebook,Yellow,XXS,Camido,2310.27,XCD,105
41,1,3,Cocktail Shaker Set,Maroon,XXXL,Oozz,4799.78,BGN,909
42,3,30,Personalized Mug,Indigo,XXL,Browsetype,421.13,XOF,9513
43,22,14,Handmade Jewelry Box,Green,L,Photofeed,2202.71,IDR,5696
44,27,15,Custom Engraved Watch,Indigo,L,Gigaclub,1055.85,EUR,6405
45,37,5,Stationery Set,Green,S,Brightdog,2845.17,USD,8156
46,15,12,Wall Clock,Indigo,NA,Twimm,4220.84,RUB,6694
47,40,23,Wall Clock,Orange,S,Skynoodle,1321.62,PHP,1897
48,32,22,Facial Cleansing Brush,Crimson,XXXL,Trunyx,2307.76,YER,4182
49,16,8,Organic Baby Clothing Set,Red,XL,Eare,693.91,UAH,9171
50,39,19,Industrial Safety Gloves,Mauv,XL,Wordpedia,394.92,CNY,2221
51,12,6,Desk Organizer,Khaki,L,Aimbo,3169.56,BRL,8065
52,20,29,Hiking Backpack,Crimson,XXL,Innojam,1803.35,PEN,4272
53,4,7,DIY Embroidery Kit,Violet,XXXL,Zoonder,4216.65,BOB,9962
54,26,4,Stainless Steel Kitchen Knife Set,Indigo,XXXS,Rhynoodle,2581.26,XAF,1188
55,35,11,Yoga Block and Strap Set,Purple,XXXL,Devify,848.12,CNY,2986
56,5,28,Desk Organizer,Fuscia,XXS,Youspan,3898.96,CNY,4145
57,34,18,Stationery Set,Pink,XXXS,Skippad,2358.67,EUR,5803
58,47,25,Industrial Safety Gloves,Orange,L,Realpoint,3942.18,CNY,9115
59,29,16,Facial Cleansing Brush,Indigo,L,Centidel,3084.97,EUR,6559
60,24,20,Organic Baby Food Pouches,Teal,S,Skyba,817.49,CNY,8409
61,48,24,Solar-Powered Garden Lights,Orange,XXXS,Abata,2138.6,EUR,3335
62,30,24,Camping Hammock,Mauv,XL,Realbuzz,2982.05,KZT,6165
63,17,8,Specialty Tea Sampler,Indigo,XXS,Innojam,2962.99,CNY,9460
64,5,29,Resistance Bands,Maroon,M,Gevee,4320.89,CNY,8714
65,40,23,Wall Clock,Goldenrod,XXXS,Aivee,3945.48,EUR,8567
66,29,20,Stationery Set,Fuscia,M,Fanoodle,302.44,PLN,5883
67,24,30,Reusable Shopping Bags,Green,XXL,Blogtag,2623.72,RUB,1796
68,22,5,Natural Bath Bombs,Aquamarine,XXL,Flashdog,1084.22,EUR,2149
69,7,9,LED String Lights,Indigo,M,Divavu,955.54,BAM,7698
70,13,26,Handheld Vacuum Cleaner,Orange,M,Plambee,3042.09,IDR,1726
71,28,3,Men's Leather Wallet,Blue,XXXL,Chatterbridge,4238.15,USD,9925
72,39,17,DIY Embroidery Kit,Purple,L,Jetpulse,3491.73,BRL,8783
73,36,6,Organic Baby Clothing Set,Goldenrod,M,Yoveo,3467.95,CNY,1573
74,14,14,Smartphone Camera Lens Kit,Teal,XXXS,Demivee,770.74,EUR,5924
75,9,22,Wall Clock,Turquoise,M,Centimia,1910.31,IDR,3515
76,11,10,Solar-Powered Garden Lights,Fuscia,XXXS,Skinix,2698.78,EUR,2907
77,3,2,DIY Craft Kit,Khaki,XXXS,Photofeed,2485.23,PEN,4714
78,20,28,Laptop Sleeve,Teal,XXXS,Devcast,939.07,RUB,49
79,42,27,Outdoor Camping Cookware Set,Fuscia,XXXS,Bubblemix,2507.76,CNY,4705
80,27,19,Acoustic Guitar,Khaki,L,Yodo,3891.01,PLN,6820
81,49,1,Garden Hose Nozzle,Pink,NA,Twitterbeat,634.48,USD,8544
82,16,13,Laptop Sleeve,Purple,L,Shufflebeat,4325.09,EUR,2576
83,33,25,Smartphone Camera Lens Kit,Crimson,S,Babbleblab,4499.54,NGN,5302
84,38,21,Yoga Block and Strap Set,Turquoise,M,Realbuzz,1233.49,EUR,4349
85,15,15,Hardcover Notebook,Yellow,XS,Meetz,4418.96,IDR,3960
86,25,12,Industrial Safety Gloves,Indigo,XXS,Shuffledrive,1101.52,SEK,1470
87,41,4,Stainless Steel Kitchen Knife Set,Crimson,XL,Centimia,1997.46,UAH,1851
88,45,11,Eco-Friendly Water Bottle,Violet,XXS,Dabfeed,4483.64,CNY,1664
89,12,24,Outdoor Camping Cookware Set,Red,XXXS,Mydeo,2448.44,CNY,4423
90,32,16,Specialty Tea Sampler,Indigo,XXL,Zoomzone,4583.46,SEK,4134
91,35,18,Wireless Charging Pad,Teal,XXS,Brightdog,4404.98,TZS,5018
92,43,7,Stationery Set,Red,S,Gevee,2368.52,CNY,5979
93,4,1,Organic Baby Food Pouches,Purple,XXXS,Photospace,3723.48,NIO,1642
94,44,17,Canvas Wall Art,Aquamarine,XXL,Thoughtblab,2258.94,CNY,1348
95,13,10,Solar-Powered Garden Lights,Blue,XXS,Jaxnation,4431.75,MGA,227
96,26,19,Photography Lighting Kit,Violet,XXS,Yacero,2906.04,CNY,662
97,50,3,Decorative Candles,Blue,L,Fliptune,1661.66,PLN,4991
98,35,1,Personalized Photo Frame,Puce,XXXS,Shuffledrive,3223.36,RUB,6837
99,43,12,Smart LED Light Bulb,Violet,XXS,Wordify,853.8,EUR,3040
100,38,29,Laptop Sleeve,Goldenrod,XS,Fivebridge,513.5,USD,2225
101,3,20,Eco-Friendly Water Bottle,Purple,S,Meedoo,3979.29,XOF,1955
102,24,25,Artificial Flower Bouquet,Purple,XS,Gigaclub,1111.88,PHP,7221
103,39,4,Facial Cleansing Brush,Khaki,M,Aivee,3941.18,CNY,8677
104,31,27,Handheld Vacuum Cleaner,Puce,XXXL,Wikido,3306.05,ZAR,364
105,14,14,Yoga Block and Strap Set,Puce,XXS,Quimba,3939.47,EUR,7260
106,23,21,Lab Safety Goggles,Green,XL,Lazz,2316.16,CNY,3793
107,17,9,Garden Decorative Lights,Pink,NA,Tagfeed,2282.59,IDR,2601
108,10,5,Silicone Kitchen Utensils,Yellow,XXXS,Dabjam,4734.64,PLN,7233
109,46,16,Bluetooth Speaker,Purple,XS,Yambee,564.79,IDR,8201
110,15,6,Decorative Candles,Indigo,XS,Jaxworks,4706.36,BRL,3834
111,8,15,DSLR Camera Lens,Maroon,XXXL,Eamia,2928.51,EUR,2028
112,22,28,Personalized Photo Frame,Crimson,XXS,Brainbox,575.02,IDR,4802
113,5,8,Men's Leather Wallet,Orange,XXS,Topiczoom,4852.46,EUR,352
114,1,18,Hiking Backpack,Pink,S,Gabtune,1929.58,CNY,1648
115,16,7,Camping Hammock,Maroon,XXXL,Flipstorm,3991.98,EUR,7217
116,28,11,Desk Organizer,Yellow,M,Avamm,2586.38,USD,1387
117,40,23,Organic Coffee Beans,Fuscia,NA,Youspan,1315.56,RUB,622
118,36,24,Organic Baby Clothing Set,Red,M,Demizz,596.55,BRL,3627
119,32,26,Reusable Shopping Bags,Puce,XXS,Zoomlounge,4380.46,CNY,3089
120,45,30,Natural Bath Bombs,Yellow,XXXS,Jabbersphere,3043.24,CNY,2498
121,19,22,Reusable Shopping Bags,Violet,L,Skimia,3337.35,SEK,8314
122,27,2,Camping Hammock,Mauv,XXXL,Realpoint,2447.58,CNY,2563
123,48,13,Wireless Charging Pad,Goldenrod,NA,Vinder,452.75,IDR,5636
124,47,10,French Press Coffee Maker,Orange,XL,Devcast,130.35,CNY,5022
125,31,13,Bluetooth Speaker,Yellow,M,Yacero,694.62,LBP,6819
126,27,5,Yoga Mat,Crimson,XL,Oyoyo,3942.12,CNY,1144
127,24,25,Video Game Console,Puce,L,Twimbo,3374.56,DKK,1198
128,20,16,Acoustic Guitar,Green,XS,Yodo,2020.74,UAH,2996
129,12,26,Hardcover Notebook,Orange,L,Meedoo,2173.97,BRL,6002
130,18,17,Handmade Soap Bars,Goldenrod,XXS,Skyvu,4347.92,RUB,1951
131,17,12,French Press Coffee Maker,Goldenrod,XXXL,Zooveo,562.79,CNY,8653
132,30,1,Smart LED Light Bulb,Pink,XXS,Voonyx,4092.5,IDR,8333
133,21,30,Handmade Soap Bars,Violet,XXS,Aibox,4862.01,SEK,9264
134,35,21,Stationery Set,Indigo,S,Oyoloo,2533.13,IDR,8203
135,37,9,Cookbook,Green,XXS,Mybuzz,1577.96,IDR,331
136,4,18,Resistance Bands,Yellow,XS,Yombu,4659.18,XAF,1748
137,48,28,DIY Craft Kit,Khaki,XS,Brainlounge,4457.28,CNY,1129
138,14,3,Men's Leather Wallet,Crimson,XS,Blognation,2510.24,RUB,9963
139,40,29,Bluetooth Speaker,Teal,XXL,Meedoo,3776.83,IDR,1
140,13,6,Eco-Friendly Water Bottle,Orange,NA,Jayo,3858.41,BRL,2697
141,3,4,Wireless Charging Pad,Teal,XS,Quinu,1856.89,MNT,2947
142,10,8,Personalized Mug,Violet,L,Eadel,4701.3,EUR,3761
143,16,7,DIY Craft Kit,Crimson,NA,Quamba,3767.88,LYD,8109
144,2,2,Acoustic Guitar,Khaki,NA,Zoombox,4338.42,CNY,2090
145,39,23,Bluetooth Earbuds,Goldenrod,NA,Divanoodle,4642.19,CAD,115
146,5,22,Hiking Backpack,Violet,L,Yacero,4325.71,CNY,4905
147,50,14,Hardcover Notebook,Puce,XXXL,Yacero,4009.17,BRL,9232
148,26,20,Yoga Block and Strap Set,Khaki,NA,Yodel,1134.56,CNY,1172
149,8,10,Laptop Sleeve,Red,M,Avamm,1768.97,LKR,9692
150,46,19,Hardcover Notebook,Pink,XXXS,Katz,3574.64,UAH,741
151,6,27,Garden Hose Nozzle,Teal,M,Fliptune,1420.15,UYU,4144
152,49,24,Silicone Kitchen Utensils,Pink,NA,Aibox,3196.13,CNY,2869
153,47,11,Personalized Mug,Khaki,XXXL,Gigaclub,2564.64,THB,9735
154,36,15,Smart LED Light Bulb,Crimson,XXL,Blogtags,4110.01,CNY,2685
155,38,11,Fitness Tracker,Purple,XS,Skilith,3531.46,GTQ,9556
156,46,18,Silicone Kitchen Utensils,Red,XXS,Youbridge,1797.23,DOP,6795
157,20,9,DVD Movie Collection,Purple,XXL,Yakitri,1462.64,PHP,6012
158,38,20,Men's Grooming Kit,Indigo,XS,Twitterbridge,2582.86,UAH,8734
159,25,11,Facial Cleansing Brush,Pink,XXS,Zoomlounge,354.44,CNY,2429
160,35,8,Laptop Sleeve,Crimson,XS,Flashspan,254.99,PEN,2876
161,40,24,Solar-Powered Garden Lights,Puce,NA,Bubblebox,4496.92,TZS,4797
162,30,16,Hardcover Notebook,Mauv,L,Oyoba,1218.07,RUB,1319
163,41,28,DVD Movie Collection,Pink,XXXS,Tanoodle,4053.06,EUR,2420
164,23,1,Custom Engraved Watch,Indigo,XXS,Flashpoint,2595.34,HRK,2302
165,32,13,Artificial Flower Bouquet,Yellow,XXL,Thoughtworks,4853.38,RUB,6401
166,6,26,Travel Backpack,Maroon,S,Devpoint,1975.91,CNY,9165
167,37,10,Decorative Candles,Turquoise,NA,Pixoboo,3374.48,SEK,9538
168,7,21,Yoga Mat,Yellow,XS,Vipe,830.64,UAH,8795
169,24,12,Photography Lighting Kit,Fuscia,XS,Oloo,4732.24,XPF,373
170,9,19,Personalized Stationery,Red,XXXS,Feedfish,4458.63,IDR,1943
171,18,5,Travel Backpack,Khaki,XL,Blognation,3954.19,CNY,2662
172,17,15,Resistance Bands,Khaki,NA,Photobean,4816.8,THB,2864
173,15,30,Travel Backpack,Pink,XS,Bubblemix,362.49,RUB,1397
174,10,6,Power Drill Set,Blue,L,Blogtags,2395.7,IDR,5925
175,44,29,Garden Hose Nozzle,Puce,S,Centimia,3774.46,EUR,2809
176,3,23,Handmade Jewelry Box,Goldenrod,L,Kamba,3426.71,EUR,200
177,27,3,Industrial Safety Gloves,Khaki,XXL,Livepath,4131.07,EUR,9304
178,33,22,Eco-Friendly Water Bottle,Red,XXXS,Tazzy,4954.96,PHP,1253
179,49,25,Handheld Vacuum Cleaner,Pink,XXL,Geba,2043.26,CNY,2045
180,29,14,Smartphone Camera Lens Kit,Blue,XS,Twinder,955.25,BRL,1995
181,22,17,Digital Thermometer,Crimson,XXL,Leenti,4509.24,IDR,7322
182,45,2,Photography Lighting Kit,Pink,XXXS,Bubblemix,3807.08,UAH,8270
183,31,7,Handmade Soap Bars,Goldenrod,L,Voolith,4898.7,IDR,8919
184,39,4,Baby Diapers,Maroon,S,Voonyx,3514.75,IDR,6029
185,5,27,Stainless Steel Kitchen Knife Set,Crimson,L,Kwimbee,3043.57,CNY,589
186,16,21,Fitness Tracker,Aquamarine,XS,Mycat,837.62,MXN,2077
187,11,7,DVD Movie Collection,Indigo,XS,Skyble,543.66,THB,1168
188,8,28,Stainless Steel Kitchen Knife Set,Red,L,Youspan,2929.32,RUB,8020
189,49,14,Acoustic Guitar,Purple,XS,Centimia,1812.4,BRL,6277
190,1,4,Artificial Flower Bouquet,Pink,NA,Vinder,4060.44,IDR,8594
191,18,26,DVD Movie Collection,Aquamarine,XXS,Jatri,4109.91,EUR,5825
192,13,1,Laptop Sleeve,Indigo,M,Wikizz,2753.77,PHP,499
193,30,10,Cookbook,Aquamarine,XL,Kwilith,305.65,NGN,856
194,47,27,Wireless Charging Pad,Blue,XXXL,Muxo,167.81,COP,6027
195,5,23,Travel Backpack,Turquoise,S,Feednation,100.13,EUR,7654
196,23,8,Men's Leather Wallet,Khaki,NA,Skimia,810.4,EUR,6419
197,31,16,Air Purifier,Red,XXL,Eadel,19.04,IDR,4198
198,44,12,Organic Baby Clothing Set,Violet,XXXL,Riffwire,2213.91,BRL,8331
199,38,24,Reusable Shopping Bags,Khaki,M,Mynte,126.34,MDL,8086
200,39,3,Wireless Charging Pad,Indigo,XS,Meejo,1069.3,IDR,347
201,7,15,Hardcover Notebook,Turquoise,M,Yakijo,2599.02,CNY,4094
202,33,17,Silicone Kitchen Utensils,Indigo,XS,Voomm,2930.16,UAH,8681
203,43,18,Power Drill Set,Goldenrod,S,Topicshots,4931.22,AFN,921
204,50,22,Industrial Safety Gloves,Red,XXXL,Photospace,2559.15,KRW,6165
205,34,9,Bluetooth Earbuds,Indigo,XXL,Youspan,4964.81,BRL,1463
206,15,19,Handmade Jewelry Box,Goldenrod,XL,Babblestorm,3233.34,RUB,3643
207,40,21,Organic Baby Clothing Set,Green,NA,Oyonder,941.81,JPY,1938
208,24,5,Handmade Soap Bars,Maroon,XXXL,Edgewire,4543.3,JPY,8539
209,19,29,Solar-Powered Garden Lights,Purple,XXS,Babbleset,2024.66,CNY,2933
210,2,20,Stationery Set,Orange,L,Zoomzone,2370.2,PLN,6340
211,36,30,Custom Engraved Watch,Orange,M,Lajo,4364.21,PLN,7462
212,29,13,DSLR Camera Lens,Green,XXL,Topiclounge,4285.59,IDR,5867
213,32,11,Personalized Photo Frame,Puce,M,Innotype,1366.46,EUR,5402
214,21,6,Men's Leather Wallet,Indigo,XL,Skippad,4145.83,TND,3610
215,45,25,Bluetooth Earbuds,Fuscia,L,Pixope,3550.49,CNY,9448
216,28,2,Resistance Bands,Goldenrod,S,Janyx,4947.81,CNY,440
217,22,29,Personalized Photo Frame,Orange,L,Kayveo,2577.36,PLN,1257
218,16,22,Outdoor Camping Cookware Set,Maroon,S,Aimbo,2341.22,IDR,5632
219,40,11,Personalized Photo Frame,Aquamarine,XS,Bubbletube,1147.42,PHP,3963
220,18,3,Desk Organizer,Red,S,Skinder,2825.46,UAH,1785
221,17,21,Stainless Steel Kitchen Knife Set,Yellow,L,Fiveclub,1461.62,RUB,558
222,43,9,Cocktail Shaker Set,Maroon,L,Skipstorm,1584.23,PHP,8856
223,25,27,Camping Hammock,Green,XS,Devcast,3470.5,IDR,5202
224,37,29,Bluetooth Speaker,Aquamarine,XS,Kanoodle,3885.43,USD,9443
225,36,7,Sterling Silver Necklace,Teal,L,Divavu,1475.73,VND,5443
226,30,18,DIY Craft Kit,Maroon,XXXL,Latz,3155.91,RUB,6694
227,13,23,Camping Hammock,Goldenrod,S,Agimba,2790.46,JPY,610
228,8,30,Photography Lighting Kit,Yellow,XS,Zava,3986.77,EUR,7728
229,45,2,Silicone Kitchen Utensils,Turquoise,XXXL,Mycat,564.12,HNL,9151
230,33,13,Outdoor Camping Cookware Set,Pink,XL,Kwilith,3121.01,PHP,6275
231,11,4,DIY Craft Kit,Red,S,Tavu,4030.68,JPY,1545
232,3,28,Laptop Sleeve,Goldenrod,XXXL,Edgetag,4406.92,EUR,9798
233,15,20,Hiking Backpack,Teal,XS,Zoombox,3099.0,CNY,2262
234,35,17,Organic Baby Clothing Set,Green,XL,Flipopia,2946.18,RUB,9946
235,47,19,Digital Thermometer,Pink,XXS,Realmix,1872.07,CNY,1450
236,41,5,Personalized Mug,Goldenrod,XXS,Yadel,3655.94,EUR,6546
237,27,14,LED String Lights,Turquoise,XXS,Skippad,4414.52,NGN,8360
238,19,12,DVD Movie Collection,Red,L,Meemm,3649.35,PEN,393
239,50,1,Artificial Succulent Plants,Khaki,L,Skivee,2869.1,USD,4557
240,2,10,DSLR Camera Lens,Green,XS,Brightbean,3233.45,BRL,1124
241,14,24,Eco-Friendly Water Bottle,Turquoise,M,Cogidoo,64.98,PHP,4409
242,44,26,Cocktail Shaker Set,Red,XXXS,Voonix,503.53,PHP,6577
243,28,8,Stainless Steel Kitchen Knife Set,Orange,XXL,Skibox,1237.2,SEK,7365
244,5,6,DSLR Camera Lens,Violet,XXL,Fatz,4758.26,NGN,5905
245,42,25,Laptop Sleeve,Violet,XL,Oyope,3360.03,AMD,3586
246,38,15,Air Purifier,Green,NA,Pixope,632.33,PLN,8813
247,22,16,Remote Control Car,Red,S,Rhynyx,2760.47,CNY,2458
248,31,15,Air Purifier,Pink,XXL,Voonix,2113.87,CZK,4065
249,23,18,Custom Engraved Watch,Purple,XXXS,Oyoloo,577.61,VND,274
250,40,6,French Press Coffee Maker,Orange,M,Realmix,2357.39,NAD,7272
251,45,4,Specialty Tea Sampler,Puce,XXXS,Blogtags,1783.24,MKD,9535
252,28,10,Canvas Wall Art,Goldenrod,XXXL,Skimia,280.72,VND,9244
253,18,17,Artificial Succulent Plants,Blue,XXXL,Skyba,3243.18,HNL,2281
254,30,14,Men's Running Shoes,Indigo,XXXL,Dynava,551.04,CNY,1209
255,46,19,Personalized Stationery,Orange,XXXS,Browsedrive,1061.9,XOF,3693
256,34,5,Fitness Tracker,Puce,XXXL,Topicware,4323.43,EUR,3806
257,41,27,Organic Baby Clothing Set,Green,XXS,Flashspan,269.93,COP,5372
258,6,11,Canvas Wall Art,Maroon,S,Bubblebox,1460.28,IDR,9921
259,4,8,Remote Control Car,Pink,XL,Wikido,639.71,LTL,9453
260,8,9,Silicone Kitchen Utensils,Purple,NA,Avaveo,1235.66,CNY,729
261,13,15,Facial Cleansing Brush,Crimson,XXXL,Devify,3436.77,XOF,1634
262,50,21,Stationery Set,Crimson,XXS,Tazzy,1453.82,SEK,1201
263,22,24,Organic Baby Food Pouches,Puce,XXXS,Pixope,3531.88,CNY,7536
264,19,22,Photography Lighting Kit,Indigo,XL,Voonder,3528.61,CNY,519
265,36,23,Velvet Throw Pillow,Indigo,NA,Jabberstorm,3397.9,CZK,4957
266,44,13,LED String Lights,Pink,XL,Leenti,4138.02,ARS,2240
267,37,29,Organic Baby Food Pouches,Pink,XXXL,Pixope,2913.96,ALL,1359
268,49,30,Stationery Set,Fuscia,M,Oyoloo,1089.68,CNY,626
269,3,7,Garden Decorative Lights,Mauv,XXS,Ntags,4872.61,PLN,5492
270,16,2,Video Game Console,Orange,S,Skinder,3684.43,CUP,5337
271,31,28,Gaming Mouse,Maroon,XXS,Zava,1806.96,VND,6486
272,11,20,Reusable Shopping Bags,Crimson,XS,Cogidoo,3767.11,NOK,3827
273,32,12,Cat Toy Set,Orange,XS,Shufflester,3043.53,SEK,3242
274,14,26,Men's Leather Wallet,Red,XXXL,Oba,4199.85,IDR,3180
275,21,3,Organic Coffee Beans,Orange,XXXL,Browsedrive,2723.67,IDR,4951
276,35,1,Men's Running Shoes,Mauv,L,Agivu,3282.39,IDR,2170
277,10,16,Laptop Sleeve,Pink,NA,Twitternation,4662.55,RUB,3917
278,25,25,DVD Movie Collection,Teal,XXS,Edgeclub,433.11,SEK,8131
279,29,26,Camping Hammock,Turquoise,L,Voomm,3690.45,NGN,5895
280,31,23,Organic Coffee Beans,Red,NA,Eabox,2225.91,COP,5337
281,17,14,Personalized Photo Frame,Turquoise,XXXL,Abata,3331.09,CNY,6461
282,14,3,Canvas Wall Art,Crimson,XL,Skyble,298.04,HNL,8814
283,28,28,Silicone Kitchen Utensils,Red,XXL,Topiczoom,2585.35,CNY,3436
284,21,8,Artificial Succulent Plants,Teal,S,Eadel,2129.17,NOK,2897
285,11,27,Party Balloons,Goldenrod,XXXL,Kimia,2889.44,THB,6526
286,32,17,Baby Diapers,Crimson,S,Trupe,377.08,EUR,9762
287,44,24,Men's Leather Wallet,Maroon,XXXL,Vinte,1926.17,BAM,2128
288,18,6,Air Purifier,Teal,L,Katz,4150.11,USD,3818
289,43,16,Hiking Backpack,Puce,XXXL,Fanoodle,4339.77,THB,9087
290,45,5,Handmade Jewelry Box,Violet,S,Zazio,2825.32,CZK,4133
291,50,13,Camping Hammock,Pink,XXS,Latz,4144.06,EUR,4899
292,24,22,Personalized Photo Frame,Fuscia,XS,Buzzshare,2895.64,NPR,2556
293,5,21,Remote Control Car,Turquoise,XXS,Riffwire,3588.18,EUR,7199
294,30,7,Personalized Mug,Aquamarine,XXXS,Blogtags,1490.13,EUR,9902
295,6,9,Garden Decorative Lights,Goldenrod,S,Zava,3707.89,VND,118
296,46,20,Organic Coffee Beans,Teal,XXXL,Brainsphere,1568.76,EUR,9384
297,7,15,Hardcover Notebook,Green,XS,Fivechat,629.71,PLN,5455
298,33,2,Men's Grooming Kit,Pink,L,Wikizz,2995.39,PEN,8945
299,22,4,Yoga Mat,Indigo,XXS,Linkbridge,4831.29,SEK,7273
300,25,30,Remote Control Car,Green,XXS,Youspan,3477.37,EUR,6104
301,29,18,Reusable Shopping Bags,Pink,XL,Ntag,2681.43,CNY,8565
302,40,19,DVD Movie Collection,Violet,NA,Yakidoo,1978.01,JPY,7251
303,47,11,Specialty Tea Sampler,Green,XXXS,Tambee,68.81,COP,9900
304,27,10,DSLR Camera Lens,Khaki,S,Linktype,1128.73,COP,8098
305,19,1,Yoga Mat,Yellow,L,Edgepulse,1802.32,BRL,1647
306,35,26,DSLR Camera Lens,Red,S,Yakitri,286.31,PHP,9310
307,4,12,Men's Leather Wallet,Aquamarine,L,Tavu,870.5,ALL,8928
308,36,25,Acoustic Guitar,Purple,L,Wikido,4049.9,JPY,261
309,16,29,Air Purifier,Indigo,S,Skippad,3478.22,IDR,4470
310,1,8,Smartphone Camera Lens Kit,Fuscia,XXXL,Bubbletube,3545.73,THB,1234
311,7,23,Digital Thermometer,Teal,NA,Zoovu,2798.62,BAM,9875
312,18,25,Stainless Steel Kitchen Knife Set,Mauv,XXS,Meevee,2232.3,CNY,868
313,27,3,Canvas Wall Art,Fuscia,XXL,InnoZ,4713.12,EUR,5593
314,23,1,DIY Embroidery Kit,Pink,XS,Eadel,2900.02,ZAR,3398
315,30,21,Laptop Sleeve,Maroon,XXXS,Brainsphere,4569.01,PLN,2311
316,19,14,Eco-Friendly Water Bottle,Turquoise,XXXL,Voonix,1240.94,IRR,7421
317,16,18,Video Game Console,Purple,XXXL,Thoughtstorm,1595.45,IDR,5231
318,47,16,Handmade Jewelry Box,Crimson,XXXS,Browseblab,3987.73,CNY,4410
319,26,8,Party Balloons,Puce,XXS,Jaxnation,4761.06,MNT,2170
320,25,13,Facial Cleansing Brush,Crimson,XXS,Vinte,4898.01,CNY,4569
321,8,17,Yoga Block and Strap Set,Crimson,XXXL,Innotype,2737.86,RUB,3348
322,42,27,Custom Engraved Watch,Orange,XXXL,Tanoodle,266.27,SLL,2532
323,6,10,DIY Embroidery Kit,Turquoise,XS,Twiyo,4313.91,XOF,1020
324,39,26,Personalized Stationery,Mauv,XXXL,Skiptube,3941.24,CZK,9479
325,1,29,Remote Control Car,Red,XS,Skidoo,2023.96,CNY,783
326,11,28,Stationery Set,Mauv,XXS,Dabvine,2291.2,PHP,4098
327,40,24,Air Purifier,Aquamarine,NA,Vimbo,4179.05,IDR,2674
328,4,19,Resistance Bands,Goldenrod,XXXS,Blogtag,2811.71,AWG,6667
329,24,15,Desk Organizer,Puce,XL,Gabspot,2751.26,SEK,867
330,22,9,DIY Embroidery Kit,Green,XXXL,Meembee,871.87,NGN,7121
331,3,11,Eco-Friendly Water Bottle,Yellow,L,Feednation,244.84,ARS,7007
332,49,12,Artificial Flower Bouquet,Teal,XXL,Yakitri,4988.78,ZAR,8
333,21,7,Custom Engraved Watch,Crimson,XL,Thoughtbridge,2332.0,PHP,4056
334,34,4,DIY Embroidery Kit,Green,XXXS,Dynabox,3335.96,SEK,1524
335,28,20,Organic Baby Clothing Set,Pink,XXL,Avaveo,2073.61,ALL,7287
336,29,6,Garden Decorative Lights,Aquamarine,M,Teklist,180.16,IDR,6102
337,38,2,Smartphone Camera Lens Kit,Goldenrod,XXS,Jetpulse,4274.34,CZK,4673
338,2,5,Cookbook,Mauv,XXXS,Brightbean,2382.0,CNY,4166
339,12,30,Canvas Wall Art,Mauv,NA,Topicstorm,121.89,CNY,6633
340,32,22,Gaming Mouse,Khaki,XXL,Vipe,2149.95,IDR,5485
341,17,17,Canvas Wall Art,Purple,L,Devcast,790.95,EUR,662
342,39,29,Smartphone Camera Lens Kit,Crimson,XXXS,Youopia,1565.77,YER,3536
343,28,21,Party Balloons,Maroon,XXL,Skipfire,2961.92,CNY,1719
344,11,9,Stationery Set,Goldenrod,XXL,Dablist,3979.96,EUR,844
345,38,19,Outdoor Camping Cookware Set,Maroon,XXXS,Meetz,4509.95,CNY,128
346,50,7,Power Drill Set,Crimson,XXXS,Kwideo,2791.69,BRL,9379
347,20,12,Handmade Soap Bars,Indigo,S,Shuffledrive,2550.28,CNY,9291
348,23,14,Custom Engraved Watch,Indigo,NA,Fadeo,1529.54,AUD,3949
349,30,18,Desk Organizer,Purple,S,Voomm,4980.42,EUR,8741
350,27,1,Hardcover Notebook,Aquamarine,XS,Izio,1921.7,MXN,4905
351,48,16,Smart LED Light Bulb,Yellow,XL,Dynabox,111.55,DOP,5851
352,10,25,Wall Clock,Teal,XL,Realcube,4439.29,EUR,2148
353,31,6,Personalized Stationery,Maroon,S,Linklinks,4673.57,USD,427
354,2,22,Personalized Photo Frame,Yellow,XXL,Realblab,1747.22,PHP,4992
355,40,3,Travel Backpack,Green,M,Quatz,1958.93,RUB,6863
356,8,10,Men's Leather Wallet,Pink,XXS,Skajo,2976.62,ZAR,6490
357,21,13,Party Balloons,Puce,NA,Topicstorm,3242.38,CZK,9959
358,25,20,Canvas Wall Art,Violet,NA,Realmix,1915.56,AMD,7456
359,46,27,DIY Embroidery Kit,Yellow,XXXS,Topicblab,4368.08,SEK,5123
360,49,2,Industrial Safety Gloves,Aquamarine,XXS,Feedfire,755.71,IDR,8686
361,37,26,Camping Hammock,Blue,S,Thoughtbridge,2015.77,USD,7568
362,41,8,Smartphone Camera Lens Kit,Puce,S,Youfeed,1629.7,IDR,4906
363,12,5,Handmade Soap Bars,Goldenrod,XS,Thoughtblab,3249.07,SOS,4335
364,13,17,Yoga Block and Strap Set,Teal,M,Tagopia,324.86,EUR,586
365,33,30,Smart LED Light Bulb,Green,M,Skyvu,4183.58,CNY,2862
366,32,4,Reusable Shopping Bags,Puce,S,Oyoloo,1750.92,SEK,5782
367,3,23,Velvet Throw Pillow,Maroon,S,Zoomlounge,1453.5,PLN,8161
368,4,11,Wall Clock,Indigo,NA,Leenti,2191.13,UAH,3789
369,9,28,Velvet Throw Pillow,Khaki,XXXL,Buzzdog,2271.03,CDF,3344
370,5,24,Artificial Flower Bouquet,Puce,L,Skilith,4954.31,CLP,1728
371,36,15,Smartphone Camera Lens Kit,Fuscia,XL,Riffwire,1804.26,NZD,8960
372,34,24,Camping Hammock,Puce,XXL,Brainbox,924.75,UAH,7721
373,44,26,Travel Backpack,Blue,S,Flipbug,4291.88,PHP,3214
374,45,30,Industrial Safety Gloves,Orange,XL,Avamba,2159.86,PHP,9407
375,34,24,Fitness Tracker,Teal,NA,Jabberstorm,2190.21,IDR,798
376,37,5,Custom Engraved Watch,Khaki,S,Babbleopia,1362.32,RUB,3502
377,33,13,Digital Thermometer,Pink,XXXL,Skajo,1137.11,BOB,1069
378,13,21,Desk Organizer,Indigo,L,Realcube,2475.31,AFN,633
379,41,15,Handheld Vacuum Cleaner,Red,M,Topicware,4636.13,CNY,6694
380,18,4,Handmade Soap Bars,Puce,XXL,Meejo,2119.08,KZT,5252
381,26,3,Decorative Candles,Green,M,Brainlounge,3144.22,KGS,5214
382,39,14,Fitness Tracker,Indigo,M,Topicstorm,4437.99,BRL,3824
383,4,2,Cat Toy Set,Teal,XXXL,Tekfly,2917.88,EUR,8743
384,5,18,Solar-Powered Garden Lights,Pink,M,Bluezoom,3051.43,CNY,197
385,15,23,LED String Lights,Maroon,L,Realfire,1381.3,ARS,4392
386,10,9,Stationery Set,Puce,XXXS,Wordware,3408.25,IDR,8843
387,22,6,Men's Running Shoes,Turquoise,XS,Youbridge,1560.06,BRL,2401
388,32,27,DIY Embroidery Kit,Goldenrod,XXXS,Gigabox,2682.73,UZS,6912
389,49,1,Industrial Safety Gloves,Indigo,XXXS,Lazz,2804.11,JPY,4198
390,48,12,Garden Hose Nozzle,Pink,XS,Voomm,2559.34,SEK,1347
391,36,28,Personalized Mug,Turquoise,S,Tekfly,3583.83,NPR,5393
392,38,7,Velvet Throw Pillow,Indigo,XXS,Youspan,4886.6,USD,5765
393,21,29,Natural Bath Bombs,Purple,XS,Dynazzy,3372.52,GEL,2906
394,31,22,DVD Movie Collection,Fuscia,XXXL,Flashpoint,4489.17,IDR,6666
395,12,16,Custom Engraved Watch,Turquoise,XS,Twitterworks,4983.84,CLP,5445
396,14,17,Handmade Soap Bars,Blue,XXXS,Roombo,3226.18,BRL,2583
397,7,11,Eco-Friendly Water Bottle,Purple,XXXS,Avamm,1998.76,BRL,2643
398,30,8,Wireless Charging Pad,Aquamarine,XL,Flipbug,552.97,IDR,9871
399,50,25,Garden Decorative Lights,Yellow,XXL,Voonte,4164.71,IDR,7339
400,2,10,Baby Diapers,Indigo,XXL,Trilith,3165.72,GTQ,4298
401,23,19,Organic Baby Food Pouches,Aquamarine,XS,Youopia,4456.31,CZK,4317
402,35,20,DSLR Camera Lens,Purple,S,Gabcube,4170.91,VND,9262
403,43,21,DIY Embroidery Kit,Green,XL,Wikibox,3564.4,EUR,8894
404,27,3,Artificial Succulent Plants,Red,XXXS,Dabjam,1914.39,CNY,8406
405,14,30,DVD Movie Collection,Violet,XL,Topicstorm,526.93,USD,9449
406,39,16,DIY Craft Kit,Puce,L,Dabtype,1828.97,IDR,6709
407,17,8,Solar-Powered Garden Lights,Purple,XXL,Jetwire,1678.11,UAH,9689
408,7,25,Gaming Mouse,Blue,S,Gevee,4090.6,USD,8034
409,38,7,Hiking Backpack,Green,XXXS,Linklinks,2877.97,EUR,6457
410,5,24,Baby Diapers,Fuscia,NA,Youtags,1239.49,IDR,8476
411,40,18,Garden Hose Nozzle,Pink,XS,Kaymbo,942.74,EUR,977
412,26,17,Garden Decorative Lights,Red,XXS,Devpulse,3632.71,BRL,3948
413,21,1,Velvet Throw Pillow,Purple,L,Browsecat,4227.55,BOB,8349
414,4,14,Video Game Console,Indigo,S,Zooveo,417.3,CZK,9517
415,30,28,Eco-Friendly Water Bottle,Turquoise,L,Zoovu,3814.13,CNY,511
416,37,13,DSLR Camera Lens,Aquamarine,NA,Youtags,392.12,CUP,7415
417,42,23,Yoga Mat,Indigo,XXS,Wikizz,4833.68,KGS,7008
418,33,20,Industrial Safety Gloves,Khaki,XS,Edgetag,3849.11,BRL,3170
419,36,6,Velvet Throw Pillow,Green,XXL,Linkbridge,2346.01,IDR,5539
420,34,2,Sterling Silver Necklace,Turquoise,XXXL,Edgeify,4860.81,KRW,9305
421,15,10,Hiking Backpack,Yellow,XXL,Topicware,4488.09,EUR,177
422,44,5,Resistance Bands,Yellow,XXL,Zoozzy,3759.07,YER,8893
423,6,12,Bluetooth Earbuds,Purple,XXS,Yata,4073.92,CNY,2811
424,20,21,Personalized Photo Frame,Aquamarine,NA,Yotz,1156.45,PAB,7419
425,1,15,Wireless Charging Pad,Goldenrod,XXS,Thoughtworks,2259.9,USD,5228
426,47,27,Cat Toy Set,Indigo,XXL,Flipbug,892.28,EUR,2700
427,8,22,Digital Thermometer,Fuscia,XXXL,Gevee,2388.39,ILS,5889
428,29,11,Facial Cleansing Brush,Turquoise,XS,Brainbox,785.07,CNY,1048
429,18,26,Yoga Block and Strap Set,Pink,XL,Yacero,4920.72,MUR,6009
430,23,9,Personalized Mug,Turquoise,M,Avavee,340.72,PLN,4704
431,13,29,Cat Toy Set,Maroon,XXS,Thoughtworks,1686.57,EGP,3353
432,2,4,Yoga Block and Strap Set,Pink,XS,Yodo,4204.55,BDT,976
433,48,19,Desk Organizer,Khaki,XL,Chatterpoint,1116.51,CNY,1667
434,32,28,Specialty Tea Sampler,Maroon,XL,Aivee,940.39,JPY,5383
435,3,18,Men's Grooming Kit,Green,XXXL,Miboo,4539.51,USD,7289
436,22,2,Car Phone Mount,Khaki,XXXS,Tazz,3442.94,ARS,6145
437,49,6,Resistance Bands,Teal,M,Aimbo,2562.51,CNY,512
438,14,15,Handmade Jewelry Box,Purple,L,Twinte,2704.76,CNY,9592
439,40,12,Organic Baby Food Pouches,Purple,XS,Cogilith,2547.74,PHP,8359
440,45,26,Artificial Succulent Plants,Red,M,Omba,118.51,TJS,5049
441,33,11,Resistance Bands,Orange,XS,Devpoint,3243.34,MXN,5137
442,23,7,Silicone Kitchen Utensils,Purple,XS,Nlounge,2676.55,IDR,492
443,15,10,Personalized Mug,Maroon,XL,Muxo,1989.27,IDR,9445
444,18,24,Camping Hammock,Maroon,XL,Skiba,1458.87,UAH,7384
445,46,8,Digital Thermometer,Purple,L,Thoughtblab,4880.56,PHP,5076
446,37,19,Handheld Vacuum Cleaner,Pink,M,Jabbersphere,2424.43,CNY,2760
447,25,21,Solar-Powered Garden Lights,Red,XXS,Leexo,825.71,COP,9594
448,2,3,Garden Hose Nozzle,Crimson,XXS,Brainlounge,836.23,RUB,2190
449,8,29,Garden Hose Nozzle,Yellow,XXS,Flipbug,1084.91,BRL,792
450,48,4,Yoga Block and Strap Set,Orange,XXXL,Rooxo,3079.45,IDR,9107
451,32,1,Smart LED Light Bulb,Purple,XS,Camido,653.27,IDR,2707
452,10,5,Desk Organizer,Purple,NA,Trupe,650.86,SYP,3405
453,44,17,Yoga Block and Strap Set,Teal,XXXL,Youfeed,3098.05,TZS,4093
454,21,16,Cookbook,Turquoise,M,Abata,3897.27,SEK,531
455,19,30,Organic Coffee Beans,Purple,XL,Eayo,4754.47,IDR,1479
456,43,22,Eco-Friendly Water Bottle,Yellow,S,Browsedrive,4193.56,CZK,4063
457,41,9,Handheld Vacuum Cleaner,Goldenrod,S,Oozz,3101.28,EUR,2133
458,24,28,DIY Embroidery Kit,Blue,XS,Gigashots,3474.18,RUB,2266
459,30,27,Organic Baby Clothing Set,Orange,XXL,Divanoodle,1026.72,GHS,5644
460,39,14,Handheld Vacuum Cleaner,Orange,L,Zoomdog,3300.77,SEK,5463
461,47,25,Garden Hose Nozzle,Blue,M,Layo,3754.85,EUR,3660
462,17,23,DIY Craft Kit,Violet,XL,Zoomlounge,1902.52,IDR,2866
463,27,13,Gaming Mouse,Blue,XL,Youspan,1431.48,IDR,8179
464,4,20,Party Balloons,Purple,XXXL,Mudo,232.66,CNY,875
465,36,8,Sterling Silver Necklace,Mauv,XL,Roomm,1551.95,CNY,3569
466,20,3,French Press Coffee Maker,Indigo,XXXL,InnoZ,760.39,RUB,7452
467,6,11,Stainless Steel Kitchen Knife Set,Red,XS,Blogpad,3252.76,EUR,8553
468,44,12,Acoustic Guitar,Indigo,XXXS,Roomm,2663.2,EUR,9036
469,32,1,Resistance Bands,Maroon,XL,Divanoodle,2375.86,GBP,6287
470,7,19,Men's Grooming Kit,Green,NA,Brainsphere,913.53,IDR,2559
471,39,4,Air Purifier,Khaki,S,Oyope,1896.07,EUR,3371
472,19,21,Gaming Mouse,Red,L,Trupe,1694.54,JMD,5557
473,21,17,Wireless Charging Pad,Mauv,XXXS,Flashset,4702.79,VND,2996
474,42,13,Stainless Steel Kitchen Knife Set,Green,S,Buzzbean,2677.73,JPY,5621
475,37,29,Reusable Shopping Bags,Maroon,XXL,Photobean,4821.61,CNY,5481
476,23,23,Handheld Vacuum Cleaner,Purple,L,Tagfeed,4873.07,BRL,1059
477,18,8,Eco-Friendly Water Bottle,Blue,S,Mynte,2634.4,IDR,519
478,5,5,Car Phone Mount,Teal,L,Youbridge,4949.84,CAD,5533
479,34,9,Sterling Silver Necklace,Red,XXL,Yodoo,786.94,CNY,5636
480,17,7,Travel Backpack,Purple,L,Meetz,1334.97,UGX,1605
481,48,2,Organic Coffee Beans,Indigo,XS,Centizu,1043.13,IDR,8468
482,45,20,Outdoor Camping Cookware Set,Red,XXS,Edgeblab,3768.24,PHP,2815
483,12,25,LED String Lights,Fuscia,XXXL,Chatterpoint,3724.9,CNY,8147
484,49,10,Photography Lighting Kit,Fuscia,NA,Centizu,1250.51,CAD,7422
485,27,18,French Press Coffee Maker,Goldenrod,XL,Gigazoom,1423.76,RUB,5795
486,15,28,Wall Clock,Red,XXS,Aimbo,4223.93,BTN,7972
487,10,30,Smartphone Camera Lens Kit,Indigo,XXS,Photobug,3442.39,PHP,4218
488,11,27,Wireless Charging Pad,Goldenrod,XXXS,Quatz,2109.28,CVE,108
489,43,6,Baby Diapers,Pink,XXXL,Kwinu,569.56,XAF,3510
490,28,24,Camping Hammock,Maroon,XXXL,Rhyzio,1419.76,JPY,3114
491,14,15,Baby Diapers,Teal,XS,Photobean,4775.9,EUR,1104
492,29,22,Stationery Set,Yellow,L,Skyvu,4669.0,CNY,4201
493,36,16,Desk Organizer,Fuscia,XL,Vimbo,1701.28,RUB,5253
494,38,26,Garden Hose Nozzle,Mauv,NA,Babbleopia,2834.33,TZS,5341
495,33,14,Car Phone Mount,Indigo,XS,Geba,2131.01,COP,3588
496,9,21,Outdoor Camping Cookware Set,Indigo,NA,Eidel,2994.84,RUB,2638
497,17,27,DIY Craft Kit,Indigo,NA,Demizz,4645.37,NGN,1384
498,31,29,Specialty Tea Sampler,Aquamarine,XXXS,Latz,3632.6,MYR,4296
499,48,25,Fitness Tracker,Green,XXS,Rhynyx,2393.73,PHP,2633
500,18,12,DIY Embroidery Kit,Teal,XXXL,Babbleset,4398.56,JPY,8110
501,19,28,Men's Running Shoes,Purple,NA,Skinder,1074.23,BRL,3809
502,39,6,Yoga Mat,Fuscia,XXXS,Tagcat,1060.92,COP,9793
503,29,20,Desk Organizer,Violet,M,Trudeo,723.7,RUB,7240
504,28,15,Baby Diapers,Turquoise,XXXS,Skynoodle,3029.97,CNY,5628
505,30,30,Facial Cleansing Brush,Teal,XXS,Mybuzz,4892.84,ARS,409
506,23,11,Desk Organizer,Purple,S,Babbleopia,4553.42,CNY,7517
507,33,9,Custom Engraved Watch,Green,XXL,Devpoint,1468.33,EUR,3275
508,49,1,Handmade Jewelry Box,Yellow,XXXL,Eare,1323.85,IDR,1535
509,42,14,Stainless Steel Kitchen Knife Set,Mauv,XXXS,Realpoint,4568.12,EUR,2950
510,32,2,Organic Coffee Beans,Purple,XS,Abatz,1228.12,THB,6237
511,3,22,Hardcover Notebook,Maroon,XXS,Gigabox,4451.61,BRL,7625
512,35,10,Silicone Kitchen Utensils,Yellow,XL,Yotz,2594.28,EUR,202
513,24,16,Yoga Block and Strap Set,Blue,XXL,Riffwire,4158.81,EUR,3311
514,6,23,Artificial Flower Bouquet,Pink,NA,Omba,4402.28,ARS,3637
515,10,7,Canvas Wall Art,Fuscia,M,Wikizz,3597.16,CNY,9476
516,25,4,Handmade Soap Bars,Goldenrod,XL,Bubblebox,848.62,COP,3566
517,1,19,Car Phone Mount,Pink,NA,Babblestorm,824.03,RUB,6015
518,44,21,Solar-Powered Garden Lights,Green,XXXS,Roodel,1028.75,CNY,8819
519,47,5,Sterling Silver Necklace,Maroon,XS,Topicstorm,4415.21,EUR,586
520,38,17,Sterling Silver Necklace,Khaki,S,Skinder,949.82,IDR,6019
521,50,3,Baby Diapers,Violet,NA,Pixope,3669.6,LYD,7107
522,11,26,DIY Embroidery Kit,Turquoise,XXS,Oodoo,114.08,PLN,4964
523,16,13,Silicone Kitchen Utensils,Mauv,XXXL,Eare,2477.02,IDR,1408
524,20,8,Desk Organizer,Mauv,XXS,Edgeclub,3770.33,IDR,1164
525,13,18,Handmade Jewelry Box,Khaki,M,Realblab,670.84,ILS,7454
526,8,24,Men's Leather Wallet,Khaki,S,Realpoint,458.82,CNY,7706
527,43,12,Yoga Block and Strap Set,Blue,XXXS,Kayveo,3691.96,CNY,3666
528,25,21,Air Purifier,Maroon,M,Rooxo,1049.83,SEK,6421
529,50,19,Organic Baby Food Pouches,Red,XL,Quimba,4749.0,IDR,3988
530,16,17,Camping Hammock,Mauv,XXXS,Lajo,3077.77,CZK,0
531,28,15,Cookbook,Khaki,S,Zoomcast,1504.81,IDR,9663
532,29,24,Wireless Charging Pad,Red,M,Meetz,181.74,EUR,9438
533,22,27,Canvas Wall Art,Maroon,M,Skinix,3590.81,RUB,3406
534,12,3,Wall Clock,Orange,NA,Kare,4896.6,MGA,1765
535,9,6,Handheld Vacuum Cleaner,Maroon,XL,Livetube,327.9,PKR,5146
536,31,9,Air Purifier,Indigo,XXS,Zoonoodle,3667.8,XOF,8211
537,30,1,DIY Craft Kit,Maroon,XL,Dabvine,4866.81,CNY,630
538,20,5,Yoga Block and Strap Set,Puce,L,Shuffledrive,2870.65,IDR,7813
539,3,8,Stationery Set,Pink,XS,Meedoo,1278.82,EUR,7368
540,10,22,Facial Cleansing Brush,Red,NA,Fadeo,4891.51,EUR,7901
541,46,30,Acoustic Guitar,Purple,L,Snaptags,2050.81,EUR,4178
542,34,16,Bluetooth Earbuds,Indigo,XXS,Topiclounge,254.5,EUR,5760
543,1,7,Reusable Shopping Bags,Purple,M,Snaptags,4578.56,EUR,3149
544,47,10,Sterling Silver Necklace,Teal,S,Photobug,638.34,EUR,5328
545,39,2,Men's Grooming Kit,Green,XXXL,Wikizz,1481.23,CNY,8811
546,5,25,Organic Baby Clothing Set,Crimson,XXS,Quatz,1839.41,AFN,9601
547,23,14,Power Drill Set,Yellow,S,Flipopia,4637.99,BAM,4257
548,6,23,Solar-Powered Garden Lights,Mauv,XS,Yadel,4240.84,EUR,3995
549,44,29,Hardcover Notebook,Purple,S,Kamba,4554.17,MXN,995
550,7,12,Acoustic Guitar,Blue,NA,Cogidoo,2576.02,IDR,3278
551,19,13,Artificial Succulent Plants,Green,XXXS,Npath,1044.35,ARS,6849
552,26,28,Bluetooth Earbuds,Puce,NA,Npath,4088.5,RUB,5943
553,4,18,Men's Grooming Kit,Yellow,NA,Bubblemix,1826.12,CNY,4995
554,27,4,Bluetooth Earbuds,Mauv,L,Divape,1716.6,IDR,2338
555,42,26,Yoga Mat,Turquoise,M,Topicshots,2209.21,BGN,2604
556,36,20,Laptop Sleeve,Aquamarine,L,Quire,4467.29,RUB,9290
557,32,11,Canvas Wall Art,Teal,XS,Fivespan,3936.74,ARS,8174
558,11,12,Camping Hammock,Blue,NA,Leenti,1263.8,IDR,9538
559,36,28,Men's Grooming Kit,Indigo,XXS,Ainyx,1092.59,SEK,9250
560,1,5,Handheld Vacuum Cleaner,Purple,XXL,Tagchat,1740.73,KWD,7391
561,16,27,LED String Lights,Purple,XXS,Skinder,964.67,PEN,9143
562,49,26,Silicone Kitchen Utensils,Teal,XXS,Geba,2608.51,IDR,6492
563,48,2,Eco-Friendly Water Bottle,Red,XL,Meeveo,1790.77,MDL,1633
564,23,8,Natural Bath Bombs,Turquoise,M,Skippad,236.37,MAD,7696
565,20,13,Men's Running Shoes,Crimson,XXL,Photofeed,392.93,RUB,3912
566,15,12,Custom Engraved Watch,Purple,XXL,Zooxo,378.01,KZT,3528
567,5,24,Resistance Bands,Green,XXL,Viva,350.44,LAK,5003
568,35,17,Facial Cleansing Brush,Violet,S,Aimbu,2748.05,HNL,3505
569,14,30,Party Balloons,Crimson,XXL,Avaveo,2809.27,CNY,1801
570,6,16,Eco-Friendly Water Bottle,Khaki,XXXS,Edgeify,1098.13,THB,4905
571,30,11,Organic Baby Food Pouches,Khaki,XS,Skajo,356.04,SEK,2199
572,29,9,Hardcover Notebook,Pink,XXL,Jayo,102.75,WST,8622
573,31,23,Stationery Set,Puce,L,Feedfire,3440.01,CNY,1951
574,21,22,Men's Running Shoes,Pink,NA,Jabbertype,4811.43,CNY,3836
575,38,18,DIY Embroidery Kit,Puce,XXXS,Oyope,1194.27,JPY,278
576,44,19,Lab Safety Goggles,Puce,XL,Babblestorm,3664.01,JPY,3118
577,11,29,Men's Grooming Kit,Yellow,L,Skajo,926.08,IDR,7381
578,37,6,Wall Clock,Aquamarine,M,Twimm,2976.04,IDR,6286
579,10,20,Handmade Soap Bars,Indigo,XXXS,Avavee,3473.82,USD,9652
580,34,3,Wall Clock,Green,M,Meemm,3231.1,SYP,4126
581,2,7,Sterling Silver Necklace,Aquamarine,L,Gabtune,3164.42,PHP,7648
582,4,21,Handmade Jewelry Box,Crimson,S,Demimbu,905.36,CNY,9733
583,27,1,Industrial Safety Gloves,Fuscia,XL,Babblestorm,309.76,CNY,6195
584,40,4,Lab Safety Goggles,Red,M,Gabspot,4775.54,CNY,6821
585,39,15,Camping Hammock,Maroon,S,Bluejam,2206.67,CNY,5525
586,28,10,Bluetooth Speaker,Maroon,XXXS,Tanoodle,3500.72,CNY,2331
587,46,25,Power Drill Set,Turquoise,L,Jabberstorm,2657.54,TJS,4086
588,41,14,Garden Decorative Lights,Aquamarine,XXXL,Photobug,2570.85,AFN,7622
589,33,29,Car Phone Mount,Mauv,XXL,Zoombeat,3483.0,PAB,5533
590,19,16,Reusable Shopping Bags,Orange,XXL,Avamba,4575.26,COP,665
591,33,5,Velvet Throw Pillow,Purple,XXL,Zoomlounge,3308.17,MXN,627
592,46,6,Facial Cleansing Brush,Aquamarine,XXS,Blogtags,1608.71,CNY,2506
593,24,12,Video Game Console,Fuscia,XXXS,Jaxbean,2585.17,ALL,1903
594,17,19,DIY Embroidery Kit,Mauv,XS,Talane,3875.28,PHP,1088
595,13,20,Bluetooth Speaker,Violet,XXXL,Aivee,2382.09,PHP,2877
596,6,29,Garden Decorative Lights,Crimson,XXL,Trilia,1154.22,CNY,2750
597,18,25,Air Purifier,Turquoise,NA,Meejo,1131.3,CDF,9065
598,41,27,Lab Safety Goggles,Crimson,L,Jaxworks,4827.98,CNY,5478
599,9,18,Power Drill Set,Pink,XL,Meedoo,2630.92,ILS,803
600,15,23,Velvet Throw Pillow,Fuscia,XXXL,Divavu,4325.15,KES,2534
601,21,2,Photography Lighting Kit,Crimson,NA,Flipstorm,4586.03,RUB,6691
602,42,9,Handmade Soap Bars,Aquamarine,XL,Blogtag,2717.53,EUR,8015
603,3,17,Natural Bath Bombs,Pink,XS,Eare,43.71,CNY,1873
604,45,3,Yoga Mat,Puce,XXXL,Dynazzy,1273.98,CLP,3474
605,38,13,Hardcover Notebook,Turquoise,XXL,Yoveo,321.27,CNY,1941
606,4,14,Yoga Block and Strap Set,Purple,XXS,Riffwire,699.71,RUB,5255
607,16,30,Organic Baby Clothing Set,Mauv,XS,Gabvine,4980.05,DOP,1488
608,39,8,Hardcover Notebook,Red,XL,Topicblab,2307.66,CNY,6727
609,20,11,Specialty Tea Sampler,Purple,XXXS,Topicshots,1941.75,USD,3814
610,11,10,Artificial Succulent Plants,Indigo,XL,Tazz,495.48,CNY,29
611,8,21,Natural Bath Bombs,Yellow,XXS,Demizz,518.29,RUB,7943
612,44,15,Decorative Candles,Orange,XXXS,Eazzy,4474.39,ILS,7214
613,36,4,Smartphone Camera Lens Kit,Fuscia,NA,Kwideo,489.75,EUR,18
614,43,28,Artificial Flower Bouquet,Goldenrod,XXS,Mita,2075.47,EUR,4261
615,31,24,Photography Lighting Kit,Khaki,XS,Shuffletag,4447.79,GTQ,4617
616,22,7,Cocktail Shaker Set,Khaki,XXXL,Realfire,3705.54,UAH,2747
617,27,22,Cookbook,Indigo,XXXS,Babbleopia,3093.66,HRK,3264
618,49,26,Solar-Powered Garden Lights,Pink,NA,Jaxbean,4999.57,RUB,7831
619,29,1,Industrial Safety Gloves,Violet,XXL,Zazio,1139.24,XAF,2643
620,32,25,Organic Baby Clothing Set,Violet,XXL,Tagchat,2558.16,PEN,4890
621,27,12,Solar-Powered Garden Lights,Orange,XXS,Meedoo,858.99,CAD,846
622,29,28,Custom Engraved Watch,Mauv,XXS,Yodoo,1663.54,DKK,7912
623,1,7,Decorative Candles,Green,XXXS,Ainyx,521.23,CNY,382
624,5,24,Bluetooth Speaker,Goldenrod,NA,Skimia,4806.84,MNT,6711
625,18,22,Sterling Silver Necklace,Teal,XXXL,Browsetype,3754.13,UAH,4136
626,38,9,Personalized Mug,Crimson,S,Skinder,3013.3,PHP,3181
627,46,11,Acoustic Guitar,Goldenrod,XXXS,Rhycero,1471.91,KES,8620
628,48,27,Men's Leather Wallet,Puce,XXL,Devpulse,832.02,EUR,3448
629,21,21,Smart LED Light Bulb,Blue,XXXS,Topicware,2340.17,AMD,8463
630,39,10,Yoga Mat,Khaki,M,Zazio,4797.8,CNY,2672
631,15,13,Artificial Succulent Plants,Fuscia,M,Pixoboo,3445.15,UZS,6273
632,42,4,Organic Baby Clothing Set,Purple,L,Quimm,2390.64,BGN,3597
633,41,23,Handmade Soap Bars,Puce,XL,Bluejam,3444.46,ARS,8767
634,2,15,Reusable Shopping Bags,Red,XS,Quatz,4678.65,CNY,5294
635,40,3,Cat Toy Set,Puce,L,Youbridge,2540.09,CNY,8598
636,32,8,Garden Hose Nozzle,Crimson,XXS,Quamba,550.46,UAH,6795
637,14,26,DVD Movie Collection,Indigo,NA,Skinte,1813.7,THB,1325
638,45,29,Photography Lighting Kit,Green,XL,Mynte,7.99,IDR,8625
639,3,6,DIY Embroidery Kit,Aquamarine,XXXS,Jabbersphere,1901.55,JPY,682
640,10,14,Canvas Wall Art,Orange,XXL,Midel,1865.36,IDR,7086
641,11,17,Cocktail Shaker Set,Green,XXXL,Voolith,4003.93,SEK,8827
642,36,25,Men's Leather Wallet,Turquoise,M,Jaxnation,1738.04,SEK,9550
643,16,2,Gaming Mouse,Teal,XXXL,Oloo,2539.34,CNY,2827
644,33,30,Party Balloons,Aquamarine,XXS,Voomm,2596.01,USD,6374
645,8,19,Sterling Silver Necklace,Khaki,XL,Ailane,4672.05,IDR,1834
646,24,1,Travel Backpack,Puce,XXL,Abata,3590.4,CNY,7450
647,44,5,Gaming Mouse,Maroon,XXXS,Talane,1223.72,EUR,7434
648,12,18,Specialty Tea Sampler,Puce,L,Jabberstorm,4931.42,IDR,2133
649,50,16,Gaming Mouse,Pink,L,JumpXS,250.79,RUB,7500
650,20,20,Gaming Mouse,Teal,L,Dabshots,2436.53,CNY,6279
651,28,14,Lab Safety Goggles,Aquamarine,XXL,Yakidoo,2002.44,THB,5064
652,41,15,Gaming Mouse,Violet,S,Rhycero,3731.03,EUR,387
653,46,3,Personalized Mug,Red,M,Kaymbo,53.95,THB,4274
654,49,19,Artificial Succulent Plants,Mauv,M,Jetwire,2543.55,BRL,1386
655,13,14,Organic Baby Food Pouches,Green,NA,Ozu,4041.39,EUR,4040
656,2,4,Artificial Flower Bouquet,Crimson,XXXS,Divape,388.44,RSD,660
657,33,13,Baby Diapers,Violet,NA,Brainverse,1292.34,EUR,3331
658,30,10,Handheld Vacuum Cleaner,Purple,XS,Devshare,3781.16,VND,9387
659,38,2,Smart LED Light Bulb,Indigo,XXXL,Skiptube,876.6,CNY,854
660,39,18,Eco-Friendly Water Bottle,Maroon,XXL,Dabvine,1098.53,IDR,6928
661,8,5,Personalized Photo Frame,Pink,S,Eadel,1965.56,DOP,9284
662,12,1,Stainless Steel Kitchen Knife Set,Pink,L,Skibox,2871.91,CNY,4717
663,6,8,Stationery Set,Purple,XS,Chatterbridge,2738.35,CNY,8786
664,34,24,Bluetooth Speaker,Teal,NA,Mymm,4372.51,ZAR,1997
665,25,11,Baby Diapers,Khaki,XXL,Youbridge,2736.18,RUB,6990
666,32,17,Eco-Friendly Water Bottle,Green,XS,Edgepulse,1941.75,RUB,8067
667,47,28,Men's Grooming Kit,Goldenrod,XXS,Kaymbo,1798.17,TJS,9160
668,5,27,Custom Engraved Watch,Indigo,XL,Voonyx,4884.38,EUR,308
669,21,26,Fitness Tracker,Mauv,M,Gigashots,2615.52,NGN,3569
670,36,7,Organic Coffee Beans,Purple,XXS,Twiyo,701.76,CNY,8055
671,7,21,Hiking Backpack,Purple,XXXL,Oloo,3617.91,BRL,139
672,4,25,Party Balloons,Maroon,L,Chatterbridge,141.71,CDF,6044
673,29,29,Personalized Photo Frame,Purple,M,Feednation,1011.39,CNY,5968
674,22,23,Power Drill Set,Green,XXL,Gabvine,1804.45,IDR,8154
675,24,22,Stainless Steel Kitchen Knife Set,Turquoise,XL,Abatz,1491.48,USD,7929
676,1,6,Men's Grooming Kit,Teal,XS,Linkbridge,4775.79,CNY,3005
677,14,20,Silicone Kitchen Utensils,Turquoise,NA,Eamia,2125.37,CNY,3895
678,37,12,Desk Organizer,Blue,XS,Mynte,2484.23,SEK,6562
679,27,16,Camping Hammock,Orange,S,Dynava,3064.22,PHP,7797
680,44,9,Power Drill Set,Indigo,XL,Kimia,3700.9,CNY,2178
681,28,30,DIY Embroidery Kit,Turquoise,XXXS,Wordware,2874.69,CNY,5572
682,19,27,Natural Bath Bombs,Purple,S,Mycat,54.81,PLN,3869
683,41,28,French Press Coffee Maker,Fuscia,L,Linkbuzz,1065.09,PKR,6497
684,40,16,Camping Hammock,Goldenrod,XXL,Yodo,3191.92,PHP,1160
685,27,25,Artificial Succulent Plants,Blue,XXXS,Camimbo,1022.99,BOB,2370
686,4,5,Facial Cleansing Brush,Turquoise,XL,Nlounge,1899.94,UYU,3619
687,12,13,Yoga Mat,Puce,XXXL,Kanoodle,4866.08,XOF,1272
688,29,11,Natural Bath Bombs,Mauv,XXXL,Meemm,4209.52,RUB,1821
689,17,23,Organic Baby Clothing Set,Red,XXL,Jatri,2517.61,PHP,757
690,13,19,Silicone Kitchen Utensils,Maroon,XXS,Skinder,1712.12,CNY,6117
691,42,2,DIY Embroidery Kit,Yellow,XL,Dabvine,1994.95,AFN,990
692,35,3,Custom Engraved Watch,Teal,XL,Mynte,4680.82,GBP,5189
693,14,20,Air Purifier,Blue,XL,Thoughtstorm,2339.9,KZT,1230
694,8,15,Yoga Mat,Pink,XS,Dabshots,2993.14,EUR,1051
695,22,7,Personalized Stationery,Khaki,L,Jaxnation,2068.92,THB,2357
696,11,18,Handmade Soap Bars,Pink,XL,Twitterlist,4704.06,CNY,4566
697,2,4,Smartphone Camera Lens Kit,Mauv,S,Tanoodle,755.21,IDR,9830
698,18,22,Photography Lighting Kit,Pink,XL,Realbridge,2307.53,HRK,5752
699,15,6,Facial Cleansing Brush,Green,XXXS,Livefish,4043.77,ZAR,7241
700,28,12,Custom Engraved Watch,Maroon,L,Miboo,3390.17,ZMW,6274
701,48,26,Silicone Kitchen Utensils,Maroon,XS,Twitterlist,1244.41,CNY,3582
702,26,17,Silicone Kitchen Utensils,Teal,M,Topdrive,1207.26,PLN,8563
703,47,29,Stationery Set,Teal,NA,Izio,68.54,CZK,6715
704,1,1,DVD Movie Collection,Indigo,S,Fivebridge,1767.8,KZT,1946
705,32,30,Travel Backpack,Pink,L,Blogpad,4048.49,EUR,5720
706,25,8,Desk Organizer,Violet,XS,Tagtune,1809.5,SEK,658
707,21,27,Custom Engraved Watch,Purple,XXXS,Flashspan,1422.21,MRO,1849
708,20,14,Power Drill Set,Fuscia,XXS,Skaboo,2196.17,DKK,2818
709,36,9,Handmade Jewelry Box,Turquoise,S,Skimia,1663.84,EUR,8212
710,10,21,Decorative Candles,Yellow,XXL,Fanoodle,4596.42,BRL,6273
711,44,10,Specialty Tea Sampler,Orange,XXXS,Tanoodle,210.11,CNY,182
712,30,24,Air Purifier,Puce,NA,Twiyo,1527.08,EUR,2868
713,3,30,Air Purifier,Red,XXS,Eidel,3729.09,CAD,7091
714,50,16,Air Purifier,Teal,XXL,Chatterpoint,2255.56,RSD,425
715,15,20,Canvas Wall Art,Red,XXXS,Talane,4769.06,TZS,810
716,2,28,Hiking Backpack,Yellow,M,Devcast,47.27,RUB,4998
717,49,15,Specialty Tea Sampler,Violet,XXS,Skippad,1359.75,NOK,2033
718,31,30,Smartphone Camera Lens Kit,Goldenrod,XS,Livefish,2291.04,USD,697
719,30,1,Resistance Bands,Pink,S,Thoughtmix,3856.14,COP,8249
720,20,2,Lab Safety Goggles,Maroon,L,Twimbo,4818.98,BRL,3002
721,28,10,DVD Movie Collection,Violet,XXXS,Trilia,3154.76,USD,6360
722,33,5,Organic Coffee Beans,Orange,XXS,Skipstorm,2076.0,CZK,3142
723,21,24,Bluetooth Speaker,Yellow,M,Realcube,2632.55,IDR,9733
724,38,8,Smart LED Light Bulb,Mauv,XL,Nlounge,4826.12,PLN,4009
725,34,9,Cocktail Shaker Set,Maroon,XXL,Innojam,1428.09,XAF,7390
726,46,4,Personalized Mug,Red,XS,Rhyzio,2062.99,PHP,9332
727,40,21,Organic Baby Food Pouches,Orange,L,Yakidoo,3494.51,IDR,3846
728,32,19,Natural Bath Bombs,Crimson,XXS,Leexo,3644.73,EUR,5542
729,3,3,Handmade Jewelry Box,Turquoise,XXXS,Kanoodle,4373.56,EUR,2618
730,16,12,Garden Hose Nozzle,Turquoise,NA,Jabberbean,3513.27,AFN,1264
731,22,23,Party Balloons,Aquamarine,L,Skipfire,318.45,RUB,5292
732,4,26,Laptop Sleeve,Khaki,NA,Zava,4394.91,ETB,2317
733,45,22,Handmade Jewelry Box,Goldenrod,XXXL,Eayo,1231.2,PHP,1578
734,1,6,Garden Hose Nozzle,Maroon,XS,Youopia,1970.21,IRR,9738
735,17,11,Canvas Wall Art,Goldenrod,XXXS,Kamba,4370.7,UAH,7375
736,35,14,Camping Hammock,Red,S,Yata,1334.59,COP,1572
737,27,13,Acoustic Guitar,Fuscia,XL,Browsedrive,1617.56,SEK,7167
738,18,18,Cat Toy Set,Crimson,XL,Flipbug,1120.06,BGN,390
739,24,17,Handmade Jewelry Box,Teal,XXL,Flashset,449.77,BRL,9476
740,11,27,Stainless Steel Kitchen Knife Set,Red,XS,Topiclounge,3091.78,CNY,7307
741,13,7,Wall Clock,Red,XXXL,Izio,3631.42,UAH,4276
742,42,25,Yoga Mat,Fuscia,S,Eidel,266.71,EUR,4993
743,9,29,Resistance Bands,Mauv,NA,Kwinu,560.37,RUB,1707
744,8,15,Stainless Steel Kitchen Knife Set,Teal,L,Zooveo,1674.5,CNY,5655
745,19,10,Travel Backpack,Orange,XXXS,Abatz,1750.25,PLN,5384
746,3,1,Silicone Kitchen Utensils,Pink,XXL,Voonder,931.55,RUB,2335
747,28,3,Party Balloons,Yellow,S,Vipe,2609.92,VND,6747
748,32,27,Cookbook,Turquoise,XXXL,Oozz,4926.93,MNT,5022
749,29,13,Yoga Block and Strap Set,Purple,L,Agivu,4191.59,CNY,7570
750,6,2,Men's Grooming Kit,Purple,S,Demivee,1171.18,IDR,3481
751,18,21,Video Game Console,Mauv,S,Tazz,1431.14,IDR,8455
752,2,15,Cat Toy Set,Teal,XXL,Skippad,1078.09,USD,8562
753,22,24,Outdoor Camping Cookware Set,Green,XL,Dabshots,3143.68,BRL,9642
754,50,14,Party Balloons,Aquamarine,XS,Jazzy,2275.74,USD,7335
755,46,20,Artificial Flower Bouquet,Purple,XXXL,Brainlounge,1388.9,GBP,2492
756,4,11,Acoustic Guitar,Purple,XL,Jaxbean,909.5,RUB,3450
757,44,23,Baby Diapers,Red,XXS,Mymm,1665.07,SEK,3827
758,37,12,DIY Craft Kit,Aquamarine,XXS,Roodel,4167.25,SYP,5096
759,41,28,Photography Lighting Kit,Aquamarine,M,Voolia,1219.29,RUB,9283
760,34,17,Air Purifier,Mauv,S,Skilith,4229.3,CNY,9813
761,26,25,Wall Clock,Khaki,M,Livetube,1378.15,MNT,8984
762,14,5,Smartphone Camera Lens Kit,Indigo,M,Cogilith,3891.46,LSL,1635
763,45,29,Silicone Kitchen Utensils,Green,L,Zoomzone,1923.54,CNY,6410
764,17,7,Handmade Soap Bars,Maroon,L,Riffpedia,637.03,CNY,8310
765,31,4,Handmade Jewelry Box,Teal,XL,Demimbu,1476.91,IDR,9636
766,20,18,LED String Lights,Green,XXXL,Rhynoodle,1392.31,USD,9091
767,47,30,Organic Coffee Beans,Yellow,XXXL,Browsecat,3959.14,EUR,5623
768,35,22,Camping Hammock,Red,L,Jabbertype,2964.06,PHP,24
769,42,19,Car Phone Mount,Purple,M,Yadel,2588.93,RSD,1005
770,13,9,Smart LED Light Bulb,Yellow,XL,Yoveo,3362.44,CNY,4224
771,30,6,Handmade Soap Bars,Fuscia,NA,Katz,4442.26,EUR,913
772,48,16,Hiking Backpack,Crimson,NA,Oba,1913.43,TTD,7703
773,23,26,Organic Baby Food Pouches,Green,XL,Mudo,874.72,SEK,1067
774,11,8,Power Drill Set,Blue,XXL,Yozio,3380.07,RSD,4282
775,33,16,Digital Thermometer,Violet,XXS,Roomm,651.19,ETB,4391
776,47,26,Baby Diapers,Aquamarine,NA,Brainsphere,4810.63,CNY,1874
777,25,13,Canvas Wall Art,Teal,S,Blogspan,1752.77,EUR,4818
778,24,12,Decorative Candles,Goldenrod,NA,Centidel,4940.35,IDR,6116
779,20,1,Artificial Flower Bouquet,Maroon,XXL,Jaxworks,964.28,BRL,9622
780,37,28,LED String Lights,Green,NA,Mynte,2484.58,PHP,490
781,1,8,Facial Cleansing Brush,Crimson,XXXL,Shuffletag,4669.44,EUR,860
782,8,7,Personalized Stationery,Maroon,XS,Ooba,1628.83,KPW,5563
783,31,15,Car Phone Mount,Puce,XXXL,Twitterworks,1384.53,CZK,7881
784,43,18,Bluetooth Earbuds,Green,XXXS,Buzzdog,4612.19,CNY,3935
785,33,6,Personalized Stationery,Teal,XS,Centimia,3225.52,AUD,9570
786,17,4,Handmade Soap Bars,Khaki,XL,Cogibox,3233.0,MDL,9849
787,50,2,Handmade Soap Bars,Purple,NA,Npath,1109.35,ARS,8256
788,13,21,Personalized Photo Frame,Teal,L,Livetube,633.5,NGN,5629
789,40,20,Remote Control Car,Green,XXXL,Eimbee,353.07,IDR,390
790,4,10,Baby Diapers,Khaki,S,Tavu,4322.4,PYG,6559
791,16,22,Industrial Safety Gloves,Green,XXL,Digitube,834.85,PLN,2437
792,15,24,Organic Coffee Beans,Puce,XS,Edgeblab,3361.97,PLN,4203
793,46,16,Lab Safety Goggles,Aquamarine,M,Roombo,3727.0,IDR,1149
794,27,11,DVD Movie Collection,Khaki,XXXS,Gigaclub,1312.16,CNY,1745
795,14,30,Men's Running Shoes,Mauv,XXXS,Riffwire,2775.38,EUR,2711
796,2,25,Camping Hammock,Puce,M,Bluezoom,1069.34,IDR,9987
797,34,3,Hardcover Notebook,Turquoise,XS,Pixonyx,462.14,CNY,4440
798,5,17,Stationery Set,Crimson,XL,Realbuzz,190.95,IDR,6567
799,3,27,Sterling Silver Necklace,Violet,S,Brainlounge,4357.12,IDR,6355
800,29,23,Bluetooth Speaker,Teal,XXXL,Livepath,4930.41,EUR,4502
801,42,29,Personalized Photo Frame,Teal,XXS,Vidoo,3274.88,SEK,4779
802,9,19,Silicone Kitchen Utensils,Indigo,XS,Katz,2747.17,KZT,6347
803,23,9,Handmade Soap Bars,Purple,S,Agimba,2251.43,EUR,2966
804,28,14,DSLR Camera Lens,Puce,XXL,Flipopia,987.43,PLN,6394
805,7,5,Organic Coffee Beans,Red,M,Oodoo,2608.67,PGK,1617
806,11,29,Specialty Tea Sampler,Blue,XS,Oozz,3714.85,EUR,1759
807,40,7,Resistance Bands,Green,NA,Kare,4238.89,IDR,9210
808,50,23,DIY Embroidery Kit,Aquamarine,XXL,Realpoint,953.19,PLN,9162
809,15,25,Outdoor Camping Cookware Set,Crimson,XXS,DabZ,1601.37,KYD,2070
810,21,17,Garden Hose Nozzle,Puce,L,Demizz,2670.07,PLN,2270
811,27,2,Wall Clock,Fuscia,S,Yodel,3396.89,CNY,1463
812,28,20,Men's Leather Wallet,Purple,XXXS,Kwideo,2687.62,EUR,1621
813,1,1,Gaming Mouse,Fuscia,XS,Dynabox,2944.29,EUR,3193
814,5,16,Decorative Candles,Aquamarine,XXXS,Yambee,2994.13,MXN,5775
815,16,18,Hiking Backpack,Blue,S,Thoughtbridge,4207.9,EUR,5201
816,43,13,Velvet Throw Pillow,Orange,XL,Yakijo,3067.99,IDR,7785
817,14,15,Industrial Safety Gloves,Puce,S,Youopia,1749.21,HNL,1491
818,44,10,Lab Safety Goggles,Teal,XL,Mymm,103.09,BGN,241
819,23,6,Party Balloons,Violet,NA,Devshare,2395.11,EUR,1194
820,45,4,Wall Clock,Teal,XXS,Aibox,532.46,EUR,7198
821,19,19,Natural Bath Bombs,Aquamarine,NA,Chatterbridge,2944.37,IDR,2535
822,6,27,Facial Cleansing Brush,Orange,NA,Yoveo,2697.11,CNY,9327
823,2,14,Wireless Charging Pad,Red,XXS,Minyx,514.66,SEK,9673
824,37,11,Specialty Tea Sampler,Turquoise,XXS,Yakidoo,2830.78,IDR,6350
825,49,8,Organic Baby Clothing Set,Green,XXXS,Mydo,3127.97,CNY,2548
826,36,3,Car Phone Mount,Khaki,M,Twitterwire,3449.85,CNY,1064
827,41,9,Facial Cleansing Brush,Puce,XS,Bluezoom,1097.62,CAD,7673
828,8,24,Artificial Flower Bouquet,Turquoise,XXS,Twinte,661.33,EUR,3200
829,18,12,Garden Hose Nozzle,Pink,XXXL,Livepath,1050.36,CNY,9838
830,20,5,Yoga Block and Strap Set,Mauv,S,Abata,2069.26,JPY,8936
831,32,29,Baby Diapers,Indigo,NA,Edgepulse,3763.34,CNY,2727
832,17,28,Camping Hammock,Crimson,XXL,Yodo,39.64,EUR,4810
833,48,30,Acoustic Guitar,Fuscia,XXXS,Linktype,2306.02,CNY,687
834,25,22,Personalized Stationery,Puce,XS,Thoughtworks,1130.89,IDR,6273
835,24,26,Gaming Mouse,Indigo,M,Aivee,1471.41,EUR,2984
836,13,21,Cookbook,Purple,M,Meejo,2023.3,EUR,4423
837,35,15,Cookbook,Red,L,Skyvu,1741.76,PAB,2683
838,10,30,Decorative Candles,Khaki,NA,Centizu,2775.41,CNY,3109
839,13,27,Cookbook,Fuscia,XL,Skibox,3714.27,RUB,2189
840,36,16,French Press Coffee Maker,Fuscia,XL,Gigazoom,1044.56,CNY,7498
841,9,11,Natural Bath Bombs,Puce,NA,Skinix,1835.58,CNY,7297
842,46,23,Specialty Tea Sampler,Indigo,NA,Jabbercube,4922.35,CNY,5329
843,35,25,Silicone Kitchen Utensils,Teal,NA,Youbridge,1655.08,PHP,6685
844,33,24,Decorative Candles,Teal,XXXL,Divanoodle,2448.29,PHP,473
845,42,1,Baby Diapers,Pink,XXL,Mycat,1917.17,IDR,6392
846,12,21,French Press Coffee Maker,Turquoise,S,Eabox,3089.02,UAH,4340
847,29,4,Handheld Vacuum Cleaner,Indigo,XXXL,Skinder,1337.05,NZD,6891
848,26,17,Party Balloons,Maroon,L,Oyoyo,203.89,PHP,2546
849,5,12,Men's Running Shoes,Blue,XXL,Tagcat,972.97,CNY,3429
850,38,8,Personalized Stationery,Blue,NA,Avaveo,114.49,IDR,5489
851,4,22,Photography Lighting Kit,Fuscia,XXXS,Realbridge,1484.22,CZK,808
852,17,26,DVD Movie Collection,Violet,L,Divavu,2867.67,CNY,479
853,18,18,LED String Lights,Puce,L,Voonyx,1722.0,THB,7353
854,47,19,Sterling Silver Necklace,Khaki,XL,Skimia,1842.15,PHP,4393
855,30,10,Smart LED Light Bulb,Purple,XS,Demizz,323.04,IDR,8120
856,23,6,Handmade Jewelry Box,Goldenrod,XXXS,Divavu,2042.91,CAD,2887
857,25,28,Custom Engraved Watch,Maroon,XXS,Trupe,3604.01,RUB,1394
858,40,3,Stainless Steel Kitchen Knife Set,Teal,NA,Buzzdog,1929.52,IDR,4134
859,20,7,Velvet Throw Pillow,Teal,XL,Dablist,978.07,EUR,5339
860,44,20,Handmade Soap Bars,Aquamarine,XS,Bubblebox,1863.8,IDR,8726
861,43,9,Facial Cleansing Brush,Teal,XXL,Kazu,740.38,USD,1351
862,27,13,Personalized Stationery,Crimson,XXS,Skaboo,237.32,BAM,5747
863,14,29,Air Purifier,Fuscia,L,Plambee,2158.01,CNY,8230
864,16,15,Air Purifier,Green,L,Divape,4747.46,CNY,7887
865,48,5,Smartphone Camera Lens Kit,Mauv,XS,Skinix,1391.87,CNY,793
866,2,14,Garden Decorative Lights,Crimson,XXL,Eayo,1059.76,MKD,3706
867,41,2,Facial Cleansing Brush,Red,S,Browsebug,1650.57,IDR,2005
868,7,29,Camping Hammock,Puce,XS,Oba,685.27,BOB,8036
869,20,24,Handmade Soap Bars,Teal,M,Blogspan,3733.34,ZAR,7235
870,36,8,Baby Diapers,Indigo,NA,Livepath,2134.47,PHP,7970
871,32,23,Men's Grooming Kit,Goldenrod,NA,Kwideo,1783.29,IDR,5640
872,33,21,Power Drill Set,Fuscia,M,Topdrive,1604.42,IDR,7579
873,8,10,Lab Safety Goggles,Purple,M,Twitterlist,2461.85,USD,8163
874,14,12,Remote Control Car,Crimson,XXS,Photolist,4377.99,IDR,1209
875,27,27,Eco-Friendly Water Bottle,Orange,XXXL,Twimm,3069.18,CNY,1818
876,19,28,Bluetooth Speaker,Crimson,XXXL,Ainyx,1962.53,PLN,2565
877,21,18,Hardcover Notebook,Indigo,S,Rhybox,2532.2,IDR,931
878,2,26,Photography Lighting Kit,Blue,M,Shufflester,3244.28,IDR,1688
879,44,2,Reusable Shopping Bags,Yellow,S,Blogpad,4200.72,COP,8973
880,28,29,Bluetooth Earbuds,Fuscia,L,Meezzy,4099.53,PLN,4847
881,11,4,DVD Movie Collection,Indigo,XXXL,Skyndu,4497.58,CZK,779
882,6,13,Bluetooth Speaker,Crimson,M,Thoughtstorm,1097.85,BYR,7649
883,23,30,DIY Craft Kit,Aquamarine,XXXL,Photobug,4741.12,IDR,710
884,25,3,Silicone Kitchen Utensils,Indigo,S,Zooxo,1906.32,RSD,2321
885,10,25,Hiking Backpack,Goldenrod,XXS,Roombo,660.5,IDR,6548
886,1,17,Organic Coffee Beans,Pink,L,Cogidoo,3218.38,PHP,3824
887,47,20,Organic Baby Food Pouches,Orange,XS,Shuffletag,2784.2,ZAR,5441
888,45,22,Cookbook,Pink,XL,Quamba,2956.34,IDR,8460
889,49,19,Personalized Mug,Blue,XXXL,Twimm,4589.87,EUR,2476
890,7,6,Solar-Powered Garden Lights,Purple,M,Trudoo,3404.14,CNY,2013
891,16,7,Desk Organizer,Mauv,XXXS,Yacero,559.81,CNY,7849
892,41,9,Outdoor Camping Cookware Set,Red,NA,Devpoint,1423.66,USD,322
893,4,15,Handheld Vacuum Cleaner,Green,XXL,Skimia,16.74,EUR,5774
894,48,1,Desk Organizer,Maroon,M,Jabbercube,705.09,CAD,727
895,9,14,Industrial Safety Gloves,Purple,XS,Brainlounge,3940.25,RUB,8017
896,39,5,Stainless Steel Kitchen Knife Set,Mauv,XS,Skiptube,3559.92,MMK,5291
897,40,16,Men's Grooming Kit,Green,M,Wikivu,1521.64,MYR,2142
898,13,11,Handmade Soap Bars,Khaki,M,Vimbo,4671.59,EUR,48
899,34,10,Wireless Charging Pad,Mauv,NA,Quimba,4267.91,AMD,7307
900,21,26,Party Balloons,Red,S,Feedfish,735.21,BRL,1692
901,35,8,Organic Baby Food Pouches,Maroon,XXS,Npath,1318.57,BRL,8019
902,48,29,Personalized Mug,Aquamarine,XXS,Kwideo,2413.89,IDR,8931
903,26,24,DIY Embroidery Kit,Yellow,L,Yabox,4092.52,HRK,2746
904,27,17,DSLR Camera Lens,Yellow,XL,Eamia,4574.1,CNY,7540
905,37,16,Silicone Kitchen Utensils,Aquamarine,NA,Kazio,1816.99,CNY,7478
906,25,27,Decorative Candles,Puce,S,Ntags,3185.36,PHP,1957
907,4,2,Gaming Mouse,Yellow,NA,Jaxnation,4964.2,RUB,5791
908,9,9,Outdoor Camping Cookware Set,Indigo,XL,Quimba,4817.71,RUB,2662
909,34,22,Personalized Photo Frame,Green,XL,Tavu,409.21,CNY,7038
910,46,5,Yoga Mat,Turquoise,L,Realfire,2332.54,CNY,3777
911,1,18,Smart LED Light Bulb,Orange,XS,Jaxbean,1017.26,PHP,1129
912,5,28,French Press Coffee Maker,Indigo,XXXS,Brightbean,3633.63,ARS,7611
913,38,11,Artificial Succulent Plants,Khaki,XL,Jaxbean,2891.29,RUB,5370
914,15,21,Car Phone Mount,Violet,XXL,Zoomdog,622.17,EUR,7502
915,7,14,Gaming Mouse,Fuscia,S,Camido,1103.18,VND,7707
916,23,23,Acoustic Guitar,Crimson,L,Youspan,3358.2,CNY,1536
917,11,12,Hardcover Notebook,Aquamarine,L,Youspan,904.62,EUR,9297
918,40,3,Desk Organizer,Khaki,XXS,Vitz,2534.3,BWP,6293
919,18,30,Solar-Powered Garden Lights,Indigo,XXXS,Ntag,1288.67,PYG,5318
920,24,1,Personalized Stationery,Red,NA,Flashdog,3902.91,COP,168
921,43,13,Travel Backpack,Goldenrod,XXXS,Janyx,2242.96,COP,4381
922,45,19,Photography Lighting Kit,Yellow,NA,Trilith,3484.64,EUR,2108
923,33,20,Sterling Silver Necklace,Crimson,M,Jaxspan,2404.62,RUB,6095
924,31,6,Travel Backpack,Indigo,XXL,Fivebridge,328.81,IDR,2080
925,30,10,Men's Grooming Kit,Orange,XXS,Twitterworks,3776.33,DOP,5706
926,39,7,Personalized Photo Frame,Fuscia,XS,Oozz,4970.77,EGP,5037
927,36,4,Stainless Steel Kitchen Knife Set,Goldenrod,XL,Roombo,3881.33,IDR,4001
928,22,25,Photography Lighting Kit,Red,XXS,Kwinu,441.41,CNY,5187
929,28,15,Baby Diapers,Indigo,XS,Dabjam,295.46,CNY,6876
930,29,28,Power Drill Set,Turquoise,S,Quimba,1107.58,PHP,69
931,23,27,DVD Movie Collection,Maroon,XXXS,Flashpoint,1890.96,CLP,8867
932,9,10,Organic Coffee Beans,Khaki,M,Gabspot,4843.37,BRL,7200
933,22,5,Camping Hammock,Mauv,XXXL,Blogspan,3851.62,TMT,3924
934,31,21,DIY Craft Kit,Teal,XL,Dablist,214.18,KES,8310
935,35,28,Personalized Stationery,Purple,NA,Buzzster,1560.3,UAH,775
936,11,4,Natural Bath Bombs,Puce,XXS,Realfire,4523.6,PKR,8736
937,12,13,Cookbook,Red,XL,Thoughtbridge,4353.27,CNY,8488
938,5,16,Solar-Powered Garden Lights,Yellow,XS,Dabfeed,4633.22,CNY,6997
939,4,3,Men's Grooming Kit,Purple,XS,Photofeed,4748.95,EUR,7368
940,45,24,Gaming Mouse,Indigo,M,Feednation,4350.77,PLN,6087
941,39,14,Outdoor Camping Cookware Set,Green,XXXL,Lazz,3005.21,IDR,9846
942,28,23,Fitness Tracker,Puce,XXXL,Gigabox,1767.62,PEN,6752
943,21,20,Hardcover Notebook,Crimson,XXS,Yacero,108.81,COP,5432
944,27,26,Power Drill Set,Fuscia,S,Trupe,4856.35,CNY,8573
945,40,17,Yoga Mat,Crimson,M,Yombu,2144.76,RUB,939
946,49,19,Garden Decorative Lights,Purple,M,Roombo,2656.81,UAH,7948
947,24,15,Acoustic Guitar,Goldenrod,XXS,Yozio,1495.51,IDR,7646
948,25,11,Artificial Succulent Plants,Blue,M,Yabox,559.41,BRL,4480
949,1,6,Cookbook,Crimson,L,Wordpedia,1957.71,CLP,3044
950,15,25,Laptop Sleeve,Teal,S,Katz,1040.37,PAB,8108
951,18,12,Yoga Block and Strap Set,Green,XL,Aivee,3171.84,CNY,7266
952,14,7,Camping Hammock,Aquamarine,XL,Meevee,25.57,SEK,533
953,30,30,Men's Running Shoes,Indigo,XXL,Demivee,1851.04,NIO,2060
954,36,18,Yoga Mat,Green,XL,Feedfish,4162.11,PEN,8886
955,17,2,Organic Baby Clothing Set,Orange,XXS,Quamba,1146.57,IDR,7738
956,46,9,Digital Thermometer,Green,XS,Wordtune,761.6,CNY,8262
957,7,1,Garden Decorative Lights,Khaki,XS,Kare,2652.45,RUB,5020
958,32,8,French Press Coffee Maker,Blue,XXL,Izio,2108.93,CNY,9923
959,8,22,Men's Grooming Kit,Indigo,S,Npath,2003.43,CNY,5382
960,34,29,Wireless Charging Pad,Goldenrod,XL,Youspan,4204.96,USD,6187
961,20,13,Personalized Photo Frame,Blue,XXXL,Rhyzio,4760.76,HRK,3665
962,21,18,Power Drill Set,Maroon,M,Avamm,4345.65,BRL,437
963,43,15,Resistance Bands,Blue,XL,Skyba,1704.2,PLN,9947
964,4,7,Cat Toy Set,Violet,XXS,Twiyo,2834.36,IDR,8795
965,27,25,Stainless Steel Kitchen Knife Set,Puce,XXXS,Tagpad,3804.18,BRL,3037
966,17,24,Photography Lighting Kit,Pink,XS,Topiclounge,83.03,VND,2447
967,29,1,Decorative Candles,Mauv,XL,Wikido,505.52,IDR,7121
968,38,9,LED String Lights,Red,L,Voomm,1327.85,NGN,9000
969,8,20,Remote Control Car,Pink,XXL,Dablist,1482.43,CNY,5049
970,25,14,Reusable Shopping Bags,Purple,XXXL,Reallinks,2457.87,CNY,2919
971,18,21,Travel Backpack,Puce,XS,Voolia,1785.6,BRL,4155
972,40,11,Digital Thermometer,Maroon,L,Quinu,1278.8,CUP,5283
973,48,22,Power Drill Set,Indigo,S,Wordify,3181.99,CNY,8059
974,36,5,Solar-Powered Garden Lights,Violet,S,Topiczoom,1089.06,BRL,4414
975,13,19,Hiking Backpack,Crimson,XS,Voonder,1940.89,BOB,6027
976,12,16,DVD Movie Collection,Red,L,Linktype,3227.58,PEN,1061
977,9,3,Cat Toy Set,Puce,XXL,Kamba,462.97,UYU,4444
978,19,4,Stationery Set,Pink,XL,Kamba,4418.71,CNY,6587
979,49,28,Party Balloons,Indigo,S,Zooxo,2276.46,TZS,5346
980,22,30,Remote Control Car,Green,XL,Topicstorm,3009.81,IDR,6407
981,45,12,Canvas Wall Art,Fuscia,XXS,Omba,2195.57,EUR,6143
982,16,17,Stainless Steel Kitchen Knife Set,Khaki,S,Devpulse,2883.78,CNY,6987
983,34,13,Personalized Photo Frame,Red,L,Camido,3593.35,RUB,9740
984,7,2,Organic Coffee Beans,Green,XL,Midel,847.98,CNY,7537
985,5,29,DIY Craft Kit,Green,NA,Skinte,2120.44,THB,8391
986,46,23,DIY Embroidery Kit,Crimson,XXS,Twinder,2226.41,EUR,1595
987,23,6,Custom Engraved Watch,Indigo,NA,Twimm,2187.81,DOP,7582
988,3,8,Garden Decorative Lights,Crimson,S,Jaxworks,4869.98,CNY,8121
989,42,10,Artificial Flower Bouquet,Aquamarine,XXL,Quinu,3927.28,AOA,3715
990,35,26,Stainless Steel Kitchen Knife Set,Puce,L,Flashpoint,802.01,PHP,7581
991,39,27,Yoga Block and Strap Set,Yellow,M,Riffpedia,3047.44,NOK,2478
992,37,11,French Press Coffee Maker,Khaki,XS,Topiclounge,2900.33,PLN,4270
993,47,8,Handmade Jewelry Box,Khaki,S,Meedoo,2901.29,ALL,7837
994,26,28,Reusable Shopping Bags,Violet,L,Meeveo,2487.44,YER,9443
995,2,27,Artificial Flower Bouquet,Fuscia,XXL,Aimbu,1576.16,CNY,7844
996,32,3,Cookbook,Mauv,M,Wikizz,4283.52,CNY,6747
997,33,23,Photography Lighting Kit,Violet,NA,Kimia,2141.1,EGP,1664
998,30,9,Solar-Powered Garden Lights,Indigo,XXXS,Demivee,1292.85,CNY,4470
999,31,20,DSLR Camera Lens,Red,XS,Flashset,4902.63,XOF,6811
1000,28,26,Garden Hose Nozzle,Crimson,M,Camido,2846.67,EUR,1139
